Age,Department,JobRole,Attrition,CareerStage,CareerCluster,HierarchicalCluster,PromotionGapRatio,RoleStagnationIndex,TrainingIntensityScore,ManagerStabilityIndicator,CareerVelocityScore,SalaryGrowthProxy,PromotionGapRiskScore,PromotionGapRisk,RetentionOpportunityIndex,RetentionOpportunity,TrainingNeedIndicator,ManagerStability
41,Sales,Sales Executive,1,Growth Stage,0,3,0.0,0.6666666666666666,0.0,0.8333333333333334,0.25,22,0.26666666666666666,Low,0.5333333333333333,Medium,Needs Development,Higher Stability
49,Research & Development,Research Scientist,0,Mid Career,0,0,0.1,0.7,0.3,0.7,0.2,46,0.33999999999999997,Medium,0.5700000000000001,Medium,Needs Development,Higher Stability
37,Research & Development,Laboratory Technician,1,Early Career,1,1,0.0,0.0,3.0,0.0,0.14285714285714285,15,0.0,Low,0.1,Low,Adequate,Lower Stability
33,Research & Development,Research Scientist,0,Mid Career,0,3,0.375,0.875,0.375,0.0,0.125,11,0.575,High,0.7375,High,Needs Development,Lower Stability
27,Research & Development,Laboratory Technician,0,Early Career,3,2,1.0,1.0,1.5,1.0,0.16666666666666666,12,1.0,High,0.9500000000000001,High,Adequate,Higher Stability
32,Research & Development,Laboratory Technician,0,Mid Career,3,0,0.42857142857142855,1.0,0.2857142857142857,0.8571428571428571,0.125,13,0.6571428571428571,High,0.819047619047619,High,Needs Development,Higher Stability
59,Research & Development,Laboratory Technician,0,Early Career,1,1,0.0,0.0,3.0,0.0,0.08333333333333333,20,0.0,Low,0.1,Low,Adequate,Lower Stability
30,Research & Development,Laboratory Technician,0,Early Career,1,1,0.0,0.0,2.0,0.0,1.0,22,0.0,Low,0.13333333333333336,Low,Adequate,Lower Stability
38,Research & Development,Manufacturing Director,0,Mid Career,0,0,0.1111111111111111,0.7777777777777778,0.2222222222222222,0.8888888888888888,0.3,63,0.37777777777777777,Medium,0.6148148148148148,Medium,Needs Development,Higher Stability
36,Research & Development,Healthcare Representative,0,Mid Career,3,2,1.0,1.0,0.42857142857142855,1.0,0.11764705882352941,26,1.0,High,0.9857142857142858,High,Needs Development,Higher Stability
35,Research & Development,Laboratory Technician,0,Growth Stage,0,3,0.0,0.8,1.0,0.6,0.16666666666666666,13,0.32000000000000006,Medium,0.5666666666666667,Medium,Adequate,Lower Stability
29,Research & Development,Laboratory Technician,0,Mid Career,0,0,0.0,0.5555555555555556,0.3333333333333333,0.8888888888888888,0.2,24,0.22222222222222224,Low,0.4666666666666667,Low,Needs Development,Higher Stability
31,Research & Development,Research Scientist,0,Growth Stage,3,2,0.8,0.4,0.2,0.6,0.2,17,0.64,High,0.6333333333333333,Medium,Needs Development,Lower Stability
34,Research & Development,Laboratory Technician,0,Early Career,3,3,0.5,1.0,1.0,1.0,0.3333333333333333,11,0.7,High,0.8166666666666667,High,Adequate,Higher Stability
28,Research & Development,Laboratory Technician,1,Growth Stage,0,3,0.0,0.5,1.0,0.75,0.16666666666666666,14,0.2,Low,0.4166666666666667,Low,Adequate,Higher Stability
29,Research & Development,Manufacturing Director,0,Mid Career,2,2,0.8,0.9,0.1,0.8,0.3,33,0.8400000000000001,High,0.8866666666666667,High,Needs Development,Higher Stability
32,Research & Development,Research Scientist,0,Growth Stage,0,3,0.0,0.3333333333333333,0.8333333333333334,0.8333333333333334,0.14285714285714285,12,0.13333333333333333,Low,0.3388888888888889,Low,Adequate,Higher Stability
22,Research & Development,Laboratory Technician,0,Early Career,1,1,0.0,0.0,2.0,0.0,1.0,13,0.0,Low,0.13333333333333336,Low,Adequate,Lower Stability
53,Sales,Manager,0,Senior Career,2,0,0.12,0.32,0.12,0.28,0.12903225806451613,64,0.2,Low,0.392,Low,Needs Development,Lower Stability
38,Research & Development,Research Scientist,0,Growth Stage,0,3,0.3333333333333333,0.6666666666666666,1.0,0.6666666666666666,0.16666666666666666,11,0.4666666666666667,Medium,0.6000000000000001,Medium,Adequate,Higher Stability
24,Research & Development,Manufacturing Director,0,Growth Stage,0,3,0.25,0.5,1.25,0.75,0.4,36,0.35,Medium,0.4833333333333333,Low,Adequate,Higher Stability
36,Sales,Sales Representative,1,Growth Stage,0,3,0.0,0.6,0.8,0.6,0.1,23,0.24,Low,0.47333333333333333,Low,Adequate,Lower Stability
34,Research & Development,Research Director,0,Mid Career,2,0,0.16666666666666666,0.5,0.3333333333333333,0.9166666666666666,0.23076923076923078,33,0.3,Medium,0.4888888888888889,Low,Needs Development,Higher Stability
21,Research & Development,Research Scientist,0,Early Career,1,1,0.0,0.0,6.0,0.0,1.0,14,0.0,Low,0.0,Low,Adequate,Lower Stability
34,Research & Development,Research Scientist,1,Growth Stage,0,3,0.25,0.5,0.5,0.75,0.125,11,0.35,Medium,0.5083333333333333,Medium,Adequate,Higher Stability
53,Research & Development,Manager,0,Mid Career,2,0,0.2857142857142857,0.9285714285714286,0.21428571428571427,0.5714285714285714,0.19230769230769232,55,0.5428571428571428,High,0.7428571428571429,High,Needs Development,Lower Stability
32,Research & Development,Research Scientist,1,Mid Career,3,2,0.6,0.2,0.5,0.7,0.1,22,0.44,Medium,0.4633333333333334,Low,Adequate,Higher Stability
42,Sales,Sales Executive,0,Mid Career,0,3,0.4444444444444444,0.7777777777777778,0.2222222222222222,0.2222222222222222,0.2,22,0.5777777777777777,High,0.7148148148148148,High,Needs Development,Lower Stability
44,Research & Development,Healthcare Representative,0,Senior Career,2,0,0.22727272727272727,0.2727272727272727,0.18181818181818182,0.7727272727272727,0.125,42,0.24545454545454543,Low,0.3984848484848485,Low,Needs Development,Higher Stability
46,Sales,Manager,0,Early Career,3,2,1.0,1.0,1.0,0.5,0.22727272727272727,60,1.0,High,0.9666666666666668,High,Adequate,Lower Stability
33,Research & Development,Laboratory Technician,0,Early Career,1,1,0.0,1.0,3.0,0.0,0.14285714285714285,11,0.4,Medium,0.6,Medium,Adequate,Lower Stability
44,Research & Development,Healthcare Representative,0,Growth Stage,0,3,0.25,0.5,1.25,0.75,0.2222222222222222,26,0.35,Medium,0.4833333333333333,Low,Adequate,Higher Stability
30,Research & Development,Laboratory Technician,0,Mid Career,0,3,0.1,0.0,0.5,0.8,0.1,13,0.06,Low,0.21333333333333335,Low,Adequate,Higher Stability
39,Sales,Sales Representative,1,Early Career,1,1,0.0,0.0,6.0,0.0,0.10526315789473684,28,0.0,Low,0.0,Low,Adequate,Lower Stability
24,Research & Development,Research Scientist,1,Early Career,3,1,1.0,0.0,1.0,0.0,0.16666666666666666,16,0.6,High,0.4666666666666667,Low,Adequate,Lower Stability
43,Research & Development,Research Scientist,0,Growth Stage,0,3,0.2,0.6,0.6,0.8,0.16666666666666666,12,0.36,Medium,0.54,Medium,Adequate,Higher Stability
50,Sales,Sales Representative,1,Growth Stage,0,3,0.0,0.6666666666666666,0.6666666666666666,0.6666666666666666,0.3333333333333333,14,0.26666666666666666,Low,0.5111111111111111,Medium,Adequate,Higher Stability
35,Sales,Sales Representative,0,Early Career,3,2,1.0,1.0,1.5,1.0,0.5,13,1.0,High,0.9500000000000001,High,Adequate,Higher Stability
36,Research & Development,Research Scientist,0,Early Career,1,1,0.0,1.0,3.0,0.0,0.16666666666666666,14,0.4,Medium,0.6,Medium,Adequate,Lower Stability
33,Sales,Sales Executive,0,Growth Stage,0,3,0.2,0.6,0.6,0.6,0.2,38,0.36,Medium,0.54,Medium,Adequate,Lower Stability
35,Research & Development,Laboratory Technician,0,Early Career,1,1,0.0,0.0,3.0,0.0,1.0,12,0.0,Low,0.1,Low,Adequate,Lower Stability
27,Research & Development,Laboratory Technician,0,Early Career,1,1,0.0,0.0,6.0,0.0,1.0,13,0.0,Low,0.0,Low,Adequate,Lower Stability
26,Research & Development,Laboratory Technician,1,Early Career,1,1,0.0,0.0,2.0,1.0,1.0,12,0.0,Low,0.13333333333333336,Low,Adequate,Higher Stability
27,Sales,Sales Executive,0,Mid Career,0,0,0.1111111111111111,0.8888888888888888,0.0,0.7777777777777778,0.3333333333333333,45,0.4222222222222222,Medium,0.6777777777777778,High,Needs Development,Higher Stability
30,Research & Development,Laboratory Technician,0,Mid Career,2,0,0.25,0.6666666666666666,0.16666666666666666,0.5833333333333334,0.16666666666666666,46,0.41666666666666663,Medium,0.6027777777777777,Medium,Needs Development,Lower Stability
41,Research & Development,Research Director,1,Senior Career,2,0,0.6818181818181818,0.6818181818181818,0.0,0.36363636363636365,0.21739130434782608,60,0.6818181818181818,High,0.7454545454545454,High,Needs Development,Lower Stability
34,Sales,Sales Executive,0,Mid Career,3,2,0.8888888888888888,0.5555555555555556,0.2222222222222222,0.7777777777777778,0.2,40,0.7555555555555555,High,0.737037037037037,High,Needs Development,Higher Stability
37,Research & Development,Research Scientist,0,Early Career,1,1,0.0,0.0,1.0,0.0,0.125,21,0.0,Low,0.16666666666666669,Low,Adequate,Lower Stability
46,Sales,Sales Executive,0,Mid Career,0,0,0.0,0.6666666666666666,0.4444444444444444,0.8888888888888888,0.14285714285714285,42,0.26666666666666666,Low,0.5185185185185185,Medium,Needs Development,Higher Stability
35,Research & Development,Laboratory Technician,0,Early Career,1,1,0.0,0.0,2.0,1.0,1.0,19,0.0,Low,0.13333333333333336,Low,Adequate,Higher Stability
48,Research & Development,Laboratory Technician,1,Early Career,1,1,0.0,0.0,2.0,0.0,0.13043478260869565,39,0.0,Low,0.13333333333333336,Low,Adequate,Lower Stability
28,Research & Development,Laboratory Technician,1,Early Career,3,2,1.0,1.0,1.5,1.0,0.5,13,1.0,High,0.9500000000000001,High,Adequate,Higher Stability
44,Sales,Sales Executive,0,Growth Stage,0,3,0.25,0.75,0.5,0.75,0.2222222222222222,42,0.45000000000000007,Medium,0.6333333333333333,Medium,Adequate,Higher Stability
35,Research & Development,Healthcare Representative,0,Growth Stage,0,3,0.5,0.0,0.75,0.75,0.3,39,0.3,Medium,0.325,Low,Adequate,Higher Stability
26,Sales,Sales Executive,0,Early Career,0,3,0.0,1.0,1.0,0.0,0.4,38,0.4,Medium,0.6666666666666667,High,Adequate,Lower Stability
33,Research & Development,Research Director,0,Senior Career,2,0,0.5333333333333333,0.9333333333333333,0.06666666666666667,0.8,0.2,36,0.6933333333333334,High,0.8244444444444445,High,Needs Development,Higher Stability
35,Sales,Sales Executive,0,Mid Career,0,0,0.1111111111111111,0.8888888888888888,0.3333333333333333,0.8888888888888888,0.3333333333333333,66,0.4222222222222222,Medium,0.6666666666666666,High,Needs Development,Higher Stability
35,Research & Development,Laboratory Technician,0,Early Career,3,2,1.0,1.0,1.5,1.0,0.25,15,1.0,High,0.9500000000000001,High,Adequate,Higher Stability
31,Research & Development,Laboratory Technician,0,Mid Career,0,0,0.14285714285714285,1.0,0.42857142857142855,1.0,0.2,44,0.4857142857142857,High,0.7285714285714285,High,Needs Development,Higher Stability
37,Research & Development,Manufacturing Director,0,Mid Career,0,3,0.0,0.7142857142857143,0.2857142857142857,1.0,0.2857142857142857,36,0.28571428571428575,Medium,0.5476190476190477,Medium,Needs Development,Higher Stability
32,Research & Development,Manufacturing Director,0,Mid Career,2,2,0.7777777777777778,0.8888888888888888,0.3333333333333333,0.8888888888888888,0.2222222222222222,44,0.8222222222222222,High,0.8666666666666667,High,Needs Development,Higher Stability
38,Research & Development,Laboratory Technician,0,Mid Career,2,2,0.9,0.3,0.2,0.9,0.2,22,0.66,High,0.6133333333333334,Medium,Needs Development,Higher Stability
50,Research & Development,Research Director,0,Senior Career,2,0,0.48148148148148145,0.1111111111111111,0.07407407407407407,0.2962962962962963,0.1724137931034483,60,0.3333333333333333,Medium,0.3975308641975308,Low,Needs Development,Lower Stability
59,Sales,Sales Executive,0,Senior Career,2,0,0.3333333333333333,0.7619047619047619,0.14285714285714285,0.42857142857142855,0.10714285714285714,33,0.5047619047619047,High,0.6761904761904761,High,Needs Development,Lower Stability
36,Research & Development,Healthcare Representative,0,Senior Career,2,0,0.7058823529411765,0.8235294117647058,0.11764705882352941,0.47058823529411764,0.17647058823529413,39,0.7529411764705882,High,0.8196078431372549,High,Needs Development,Lower Stability
55,Research & Development,Manager,0,Growth Stage,0,3,0.0,0.0,0.4,0.4,0.19047619047619047,56,0.0,Low,0.18666666666666668,Low,Needs Development,Lower Stability
36,Research & Development,Manufacturing Director,0,Growth Stage,0,3,0.0,0.8333333333333334,0.5,0.5,0.3333333333333333,26,0.33333333333333337,Medium,0.6000000000000001,Medium,Adequate,Lower Stability
45,Research & Development,Research Scientist,0,Early Career,1,1,0.0,0.0,2.0,0.0,0.12,51,0.0,Low,0.13333333333333336,Low,Adequate,Lower Stability
35,Research & Development,Research Scientist,0,Growth Stage,0,3,0.3333333333333333,0.6666666666666666,0.6666666666666666,0.6666666666666666,0.2,13,0.4666666666666667,Medium,0.6111111111111112,Medium,Adequate,Higher Stability
36,Research & Development,Research Scientist,1,Early Career,1,1,0.0,0.0,0.0,0.0,0.5,17,0.0,Low,0.2,Low,Needs Development,Lower Stability
59,Sales,Sales Executive,0,Growth Stage,0,3,0.25,0.75,0.5,0.75,0.1,22,0.45000000000000007,Medium,0.6333333333333333,Medium,Adequate,Higher Stability
29,Research & Development,Research Scientist,0,Growth Stage,0,3,0.0,0.8,0.6,0.8,0.16666666666666666,23,0.32000000000000006,Medium,0.5800000000000001,Medium,Adequate,Higher Stability
31,Research & Development,Research Scientist,0,Early Career,1,1,1.0,1.0,4.0,0.0,1.0,17,1.0,High,0.8666666666666667,High,Adequate,Lower Stability
32,Research & Development,Research Scientist,0,Mid Career,0,3,0.0,0.4,0.3,0.9,0.2,34,0.16000000000000003,Low,0.39,Low,Needs Development,Higher Stability
36,Research & Development,Laboratory Technician,0,Early Career,1,1,0.0,0.0,3.0,0.0,0.2,12,0.0,Low,0.1,Low,Adequate,Lower Stability
31,Research & Development,Manufacturing Director,0,Mid Career,0,0,0.09090909090909091,0.6363636363636364,0.18181818181818182,0.7272727272727273,0.18181818181818182,46,0.30909090909090914,Medium,0.5393939393939394,Medium,Needs Development,Higher Stability
35,Sales,Sales Executive,0,Senior Career,2,0,0.13333333333333333,0.8666666666666667,0.13333333333333333,0.5333333333333333,0.125,28,0.4266666666666667,Medium,0.668888888888889,High,Needs Development,Lower Stability
45,Research & Development,Research Director,0,Early Career,1,1,0.0,0.0,3.0,0.0,0.17647058823529413,42,0.0,Low,0.1,Low,Adequate,Lower Stability
37,Research & Development,Research Director,0,Growth Stage,0,3,0.0,0.4,0.6,0.4,0.1875,39,0.16000000000000003,Low,0.38,Low,Adequate,Lower Stability
46,Human Resources,Human Resources,0,Growth Stage,0,3,0.0,0.5,0.5,0.5,0.125,44,0.2,Low,0.43333333333333335,Low,Adequate,Lower Stability
30,Research & Development,Laboratory Technician,0,Mid Career,0,3,0.3,0.8,0.1,0.0,0.2,24,0.5,High,0.6866666666666666,High,Needs Development,Lower Stability
35,Research & Development,Research Scientist,0,Growth Stage,0,3,0.0,0.6666666666666666,0.5,0.6666666666666666,0.16666666666666666,18,0.26666666666666666,Low,0.5166666666666666,Medium,Adequate,Higher Stability
55,Sales,Sales Executive,0,Early Career,1,1,1.0,0.0,4.0,0.0,0.125,42,0.6,High,0.3666666666666667,Low,Adequate,Lower Stability
38,Research & Development,Research Scientist,0,Mid Career,2,0,0.07692307692307693,0.8461538461538461,0.23076923076923078,0.6923076923076923,0.11764705882352941,24,0.38461538461538464,Medium,0.6384615384615384,Medium,Needs Development,Higher Stability
34,Research & Development,Manufacturing Director,0,Growth Stage,0,3,0.2,0.4,0.4,0.6,0.4,30,0.28,Medium,0.44666666666666666,Low,Needs Development,Lower Stability
56,Research & Development,Manufacturing Director,0,Growth Stage,0,3,0.0,0.6666666666666666,0.5,0.3333333333333333,0.08108108108108109,33,0.26666666666666666,Low,0.5166666666666666,Medium,Adequate,Lower Stability
23,Sales,Sales Representative,0,Early Career,1,1,0.0,0.0,3.0,0.0,0.3333333333333333,13,0.0,Low,0.1,Low,Adequate,Lower Stability
51,Research & Development,Laboratory Technician,0,Growth Stage,0,3,0.0,0.5,1.0,0.75,0.1,23,0.2,Low,0.4166666666666667,Low,Adequate,Higher Stability
30,Research & Development,Healthcare Representative,0,Mid Career,2,0,0.9090909090909091,0.9090909090909091,0.2727272727272727,0.7272727272727273,0.18181818181818182,38,0.9090909090909091,High,0.9181818181818182,High,Needs Development,Higher Stability
46,Sales,Sales Executive,1,Mid Career,2,0,0.4444444444444444,0.8888888888888888,0.3333333333333333,0.7777777777777778,0.3333333333333333,48,0.6222222222222222,High,0.7666666666666666,High,Needs Development,Higher Stability
40,Research & Development,Healthcare Representative,0,Senior Career,2,0,0.5,0.13636363636363635,0.13636363636363635,0.5,0.18181818181818182,88,0.35454545454545455,Medium,0.41363636363636364,Low,Needs Development,Lower Stability
51,Sales,Sales Executive,0,Mid Career,0,3,0.1,0.7,0.2,0.0,0.18181818181818182,44,0.33999999999999997,Medium,0.5733333333333334,Medium,Needs Development,Lower Stability
30,Sales,Sales Executive,0,Mid Career,0,0,0.18181818181818182,0.7272727272727273,0.36363636363636365,0.6363636363636364,0.18181818181818182,24,0.4,Medium,0.6060606060606061,Medium,Needs Development,Lower Stability
46,Research & Development,Healthcare Representative,0,Mid Career,2,2,0.9,0.9,0.5,0.5,0.14285714285714285,39,0.9000000000000001,High,0.9033333333333334,High,Adequate,Lower Stability
32,Sales,Sales Executive,0,Mid Career,2,0,0.45454545454545453,0.7272727272727273,0.0,0.6363636363636364,0.16666666666666666,32,0.5636363636363637,High,0.7,High,Needs Development,Lower Stability
54,Research & Development,Research Director,0,Growth Stage,0,3,0.0,0.75,1.25,0.75,0.1875,36,0.30000000000000004,Medium,0.5333333333333333,Medium,Adequate,Higher Stability
24,Sales,Sales Executive,0,Growth Stage,0,3,0.0,0.6666666666666666,0.6666666666666666,0.6666666666666666,0.5,42,0.26666666666666666,Low,0.5111111111111111,Medium,Adequate,Higher Stability
28,Sales,Sales Executive,0,Growth Stage,0,3,0.0,0.8,0.6,0.8,0.4,30,0.32000000000000006,Medium,0.5800000000000001,Medium,Adequate,Higher Stability
58,Sales,Sales Executive,0,Senior Career,2,0,0.02702702702702703,0.2702702702702703,0.02702702702702703,0.21621621621621623,0.10526315789473684,52,0.12432432432432433,Low,0.3423423423423424,Low,Needs Development,Lower Stability
44,Research & Development,Laboratory Technician,0,Growth Stage,0,3,0.3333333333333333,0.6666666666666666,1.0,0.6666666666666666,0.11764705882352941,24,0.4666666666666667,Medium,0.6000000000000001,Medium,Adequate,Higher Stability
37,Human Resources,Human Resources,1,Growth Stage,0,3,0.0,0.6666666666666666,1.0,0.6666666666666666,0.14285714285714285,22,0.26666666666666666,Low,0.5,Medium,Adequate,Higher Stability
32,Research & Development,Research Scientist,0,Early Career,1,1,0.0,0.0,2.0,0.0,1.0,13,0.0,Low,0.13333333333333336,Low,Adequate,Lower Stability
20,Research & Development,Laboratory Technician,1,Early Career,1,1,1.0,0.0,5.0,0.0,1.0,18,0.6,High,0.3333333333333333,Low,Adequate,Lower Stability
34,Research & Development,Research Scientist,0,Senior Career,2,0,0.125,0.8125,0.1875,0.625,0.125,28,0.4,Medium,0.6375,Medium,Needs Development,Lower Stability
37,Research & Development,Healthcare Representative,0,Early Career,1,1,0.0,0.0,2.0,0.0,0.11764705882352941,28,0.0,Low,0.13333333333333336,Low,Adequate,Lower Stability
59,Human Resources,Manager,0,Growth Stage,3,2,0.6666666666666666,0.6666666666666666,1.0,0.6666666666666666,0.16666666666666666,105,0.6666666666666666,High,0.7,High,Adequate,Higher Stability
50,Research & Development,Research Director,0,Mid Career,0,3,0.0,0.375,0.125,0.875,0.17857142857142858,95,0.15000000000000002,Low,0.3833333333333333,Low,Needs Development,Higher Stability
25,Sales,Sales Executive,1,Growth Stage,0,3,0.0,0.6666666666666666,0.16666666666666666,0.5,0.3333333333333333,22,0.26666666666666666,Low,0.5277777777777778,Medium,Needs Development,Lower Stability
25,Research & Development,Research Scientist,0,Early Career,3,2,1.0,1.0,1.0,0.5,0.5,11,1.0,High,0.9666666666666668,High,Adequate,Lower Stability
22,Research & Development,Laboratory Technician,0,Early Career,1,1,0.0,0.0,5.0,0.0,1.0,15,0.0,Low,0.03333333333333335,Low,Adequate,Lower Stability
51,Research & Development,Healthcare Representative,0,Mid Career,2,0,0.9230769230769231,0.9230769230769231,0.07692307692307693,0.6153846153846154,0.13043478260869565,60,0.9230769230769231,High,0.9358974358974359,High,Needs Development,Lower Stability
34,Research & Development,Laboratory Technician,1,Mid Career,0,0,0.0,0.7777777777777778,0.3333333333333333,0.6666666666666666,0.2222222222222222,48,0.3111111111111111,Medium,0.5777777777777777,Medium,Needs Development,Higher Stability
54,Human Resources,Manager,0,Growth Stage,3,2,0.8,0.6,0.6,0.8,0.17391304347826086,48,0.72,High,0.7200000000000001,High,Adequate,Higher Stability
24,Research & Development,Laboratory Technician,0,Growth Stage,0,3,0.2,0.6,0.4,0.4,0.16666666666666666,12,0.36,Medium,0.5466666666666666,Medium,Needs Development,Lower Stability
34,Research & Development,Research Scientist,0,Early Career,1,1,0.0,0.0,3.0,0.0,0.16666666666666666,30,0.0,Low,0.1,Low,Adequate,Lower Stability
37,Sales,Sales Executive,0,Growth Stage,0,3,0.2,0.6,0.6,0.6,0.25,36,0.36,Medium,0.54,Medium,Adequate,Lower Stability
34,Research & Development,Manager,0,Mid Career,2,0,0.45454545454545453,0.9090909090909091,0.5454545454545454,0.7272727272727273,0.21428571428571427,36,0.6363636363636364,High,0.7727272727272727,High,Adequate,Higher Stability
36,Sales,Sales Executive,0,Mid Career,0,0,0.2222222222222222,0.7777777777777778,0.6666666666666666,0.8888888888888888,0.3,42,0.4444444444444444,Medium,0.6333333333333333,Medium,Adequate,Higher Stability
36,Research & Development,Laboratory Technician,0,Early Career,1,1,0.0,0.0,2.0,0.0,0.14285714285714285,22,0.0,Low,0.13333333333333336,Low,Adequate,Lower Stability
43,Sales,Manager,0,Senior Career,2,0,0.16,0.48,0.12,0.48,0.16,48,0.28800000000000003,Medium,0.48400000000000004,Low,Needs Development,Lower Stability
30,Research & Development,Research Scientist,0,Mid Career,0,0,0.0,0.7,0.2,0.9,0.1,25,0.27999999999999997,Low,0.5433333333333333,Medium,Needs Development,Higher Stability
33,Sales,Sales Executive,0,Mid Career,0,0,0.0,1.0,0.2857142857142857,1.0,0.25,26,0.4,Medium,0.6904761904761905,High,Needs Development,Higher Stability
56,Research & Development,Research Scientist,1,Growth Stage,3,2,0.8,0.8,0.4,0.6,0.14285714285714285,18,0.8,High,0.8266666666666667,High,Needs Development,Lower Stability
51,Research & Development,Research Director,0,Senior Career,2,0,0.75,0.9,0.25,0.75,0.21739130434782608,65,0.81,High,0.8666666666666667,High,Needs Development,Higher Stability
31,Sales,Sales Executive,1,Mid Career,3,2,1.0,1.0,0.42857142857142855,1.0,0.16666666666666666,36,1.0,High,0.9857142857142858,High,Needs Development,Higher Stability
26,Research & Development,Research Scientist,0,Growth Stage,3,2,0.8,0.8,0.6,0.6,0.2,19,0.8,High,0.8200000000000001,High,Adequate,Lower Stability
58,Research & Development,Healthcare Representative,1,Senior Career,2,0,0.375,0.25,0.075,0.15,0.075,36,0.32499999999999996,Medium,0.435,Low,Needs Development,Lower Stability
19,Sales,Sales Representative,1,Early Career,1,1,0.0,0.0,2.0,0.0,1.0,19,0.0,Low,0.13333333333333336,Low,Adequate,Lower Stability
22,Research & Development,Laboratory Technician,0,Early Career,3,2,1.0,0.5,1.0,0.5,0.3333333333333333,14,0.8,High,0.7166666666666668,High,Adequate,Lower Stability
49,Research & Development,Manufacturing Director,0,Senior Career,2,0,0.3333333333333333,0.7333333333333333,0.13333333333333333,0.7333333333333333,0.125,28,0.4933333333333333,High,0.6622222222222222,High,Needs Development,Higher Stability
43,Research & Development,Research Scientist,0,Growth Stage,0,3,0.3333333333333333,0.6666666666666666,0.6666666666666666,0.6666666666666666,0.05555555555555555,12,0.4666666666666667,Medium,0.6111111111111112,Medium,Adequate,Higher Stability
50,Sales,Sales Executive,0,Early Career,3,2,1.0,1.0,1.5,0.5,0.1875,33,1.0,High,0.9500000000000001,High,Adequate,Lower Stability
31,Sales,Sales Executive,1,Early Career,3,2,1.0,1.0,1.0,1.0,0.5,22,1.0,High,0.9666666666666668,High,Adequate,Higher Stability
41,Sales,Sales Executive,0,Mid Career,0,0,0.0,0.7777777777777778,0.2222222222222222,0.7777777777777778,0.25,39,0.3111111111111111,Medium,0.5814814814814815,Medium,Needs Development,Higher Stability
26,Human Resources,Human Resources,0,Mid Career,3,2,0.625,0.875,0.375,0.875,0.125,23,0.7250000000000001,High,0.8125,High,Needs Development,Higher Stability
36,Research & Development,Manufacturing Director,0,Growth Stage,0,3,0.0,0.6666666666666666,0.0,0.3333333333333333,0.2857142857142857,40,0.26666666666666666,Low,0.5333333333333333,Medium,Needs Development,Lower Stability
51,Research & Development,Manufacturing Director,1,Growth Stage,0,3,0.0,0.5,0.5,0.75,0.16666666666666666,45,0.2,Low,0.43333333333333335,Low,Adequate,Higher Stability
39,Sales,Sales Executive,0,Senior Career,2,0,0.3333333333333333,0.7333333333333333,0.06666666666666667,0.6,0.11764705882352941,28,0.4933333333333333,High,0.6644444444444444,High,Needs Development,Lower Stability
25,Sales,Sales Executive,0,Early Career,3,2,1.0,1.0,1.5,1.0,0.3333333333333333,36,1.0,High,0.9500000000000001,High,Adequate,Higher Stability
30,Human Resources,Human Resources,0,Mid Career,2,0,0.36363636363636365,0.8181818181818182,0.18181818181818182,0.6363636363636364,0.16666666666666666,38,0.5454545454545455,High,0.7121212121212122,High,Needs Development,Lower Stability
32,Research & Development,Laboratory Technician,1,Growth Stage,0,3,0.0,0.8,0.4,0.8,0.1,22,0.32000000000000006,Medium,0.5866666666666667,Medium,Needs Development,Higher Stability
45,Research & Development,Research Scientist,0,Growth Stage,0,3,0.0,0.8333333333333334,0.3333333333333333,0.5,0.1111111111111111,13,0.33333333333333337,Medium,0.6055555555555556,Medium,Needs Development,Lower Stability
38,Research & Development,Research Scientist,0,Growth Stage,3,2,0.6666666666666666,0.6666666666666666,0.6666666666666666,0.6666666666666666,0.10526315789473684,40,0.6666666666666666,High,0.7111111111111111,High,Adequate,Higher Stability
30,Research & Development,Research Scientist,0,Growth Stage,0,3,0.0,0.8,0.8,0.8,0.2,14,0.32000000000000006,Medium,0.5733333333333334,Medium,Adequate,Higher Stability
32,Sales,Sales Executive,0,Mid Career,0,0,0.0,0.875,0.25,0.875,0.2222222222222222,34,0.35000000000000003,Medium,0.6291666666666667,Medium,Needs Development,Higher Stability
30,Research & Development,Research Scientist,0,Growth Stage,3,2,0.6666666666666666,0.6666666666666666,1.0,0.6666666666666666,0.125,14,0.6666666666666666,High,0.7,High,Adequate,Higher Stability
30,Research & Development,Laboratory Technician,0,Growth Stage,0,3,0.2,0.6,0.6,0.4,0.16666666666666666,13,0.36,Medium,0.54,Medium,Adequate,Lower Stability
41,Research & Development,Manager,0,Mid Career,3,2,1.0,0.8571428571428571,0.2857142857142857,1.0,0.19047619047619047,52,0.9428571428571428,High,0.919047619047619,High,Needs Development,Higher Stability
41,Research & Development,Laboratory Technician,0,Growth Stage,0,3,0.2,0.0,0.4,0.8,0.14285714285714285,21,0.12,Low,0.24666666666666667,Low,Needs Development,Higher Stability
19,Research & Development,Laboratory Technician,0,Early Career,1,1,0.0,0.0,3.0,0.0,1.0,14,0.0,Low,0.1,Low,Adequate,Lower Stability
40,Research & Development,Research Scientist,0,Senior Career,2,0,0.1,0.35,0.1,0.65,0.1,22,0.19999999999999998,Low,0.4016666666666666,Low,Needs Development,Lower Stability
35,Sales,Sales Executive,0,Mid Career,0,0,0.0,0.8,0.3,0.6,0.3,39,0.32000000000000006,Medium,0.5900000000000001,Medium,Needs Development,Lower Stability
53,Sales,Sales Representative,0,Mid Career,3,0,0.5714285714285714,1.0,0.42857142857142855,0.7142857142857143,0.15384615384615385,40,0.7428571428571429,High,0.8571428571428572,High,Needs Development,Higher Stability
45,Research & Development,Laboratory Technician,0,Senior Career,2,0,0.0,0.5294117647058824,0.11764705882352941,0.8823529411764706,0.1,36,0.21176470588235297,Low,0.4607843137254902,Low,Needs Development,Higher Stability
32,Sales,Sales Executive,0,Mid Career,2,0,0.3333333333333333,0.8888888888888888,0.2222222222222222,0.7777777777777778,0.3333333333333333,42,0.5555555555555556,High,0.7370370370370372,High,Needs Development,Higher Stability
29,Research & Development,Manufacturing Director,0,Mid Career,0,0,0.0,0.7,0.1,0.9,0.2,26,0.27999999999999997,Low,0.5466666666666666,Medium,Needs Development,Higher Stability
51,Research & Development,Manufacturing Director,0,Early Career,1,1,0.0,0.0,2.0,0.0,0.2,34,0.0,Low,0.13333333333333336,Low,Adequate,Lower Stability
58,Research & Development,Research Scientist,0,Early Career,1,1,0.0,0.0,3.0,0.0,0.1111111111111111,20,0.0,Low,0.1,Low,Adequate,Lower Stability
40,Sales,Sales Executive,0,Mid Career,2,0,0.16666666666666666,0.9166666666666666,0.16666666666666666,0.9166666666666666,0.2,33,0.4666666666666667,Medium,0.7027777777777777,High,Needs Development,Higher Stability
34,Sales,Sales Representative,0,Growth Stage,0,3,0.25,0.75,0.75,0.5,0.16666666666666666,18,0.45000000000000007,Medium,0.625,Medium,Adequate,Lower Stability
22,Research & Development,Research Scientist,0,Early Career,3,2,1.0,1.0,3.0,1.0,0.5,24,1.0,High,0.9,High,Adequate,Higher Stability
27,Research & Development,Research Scientist,0,Early Career,3,2,1.0,1.0,0.5,1.0,0.16666666666666666,18,1.0,High,0.9833333333333334,High,Adequate,Higher Stability
28,Research & Development,Research Scientist,0,Growth Stage,0,3,0.0,0.4,0.4,0.4,0.2,11,0.16000000000000003,Low,0.3866666666666667,Low,Needs Development,Lower Stability
57,Research & Development,Healthcare Representative,0,Growth Stage,0,3,0.2,0.6,0.4,0.8,0.25,48,0.36,Medium,0.5466666666666666,Medium,Needs Development,Higher Stability
27,Research & Development,Research Scientist,0,Early Career,0,3,0.0,1.0,2.0,1.0,1.0,15,0.4,Medium,0.6333333333333333,Medium,Adequate,Higher Stability
50,Research & Development,Manager,0,Growth Stage,3,2,0.8,0.8,1.0,0.8,0.23809523809523808,75,0.8,High,0.8066666666666666,High,Adequate,Higher Stability
41,Research & Development,Research Scientist,0,Mid Career,0,0,0.1111111111111111,0.8888888888888888,0.2222222222222222,0.8888888888888888,0.07692307692307693,12,0.4222222222222222,Medium,0.6703703703703704,High,Needs Development,Higher Stability
30,Sales,Sales Executive,0,Mid Career,2,3,0.7,0.9,0.2,0.4,0.25,36,0.78,High,0.8533333333333334,High,Needs Development,Lower Stability
38,Sales,Sales Executive,0,Mid Career,0,3,0.0,0.375,0.25,0.875,0.16666666666666666,44,0.15000000000000002,Low,0.37916666666666665,Low,Needs Development,Higher Stability
32,Research & Development,Research Scientist,0,Growth Stage,0,3,0.2,0.8,0.4,0.8,0.125,20,0.44000000000000006,Medium,0.6466666666666667,High,Needs Development,Higher Stability
27,Research & Development,Research Scientist,0,Growth Stage,0,3,0.2,0.4,0.6,0.2,0.16666666666666666,16,0.28,Medium,0.44000000000000006,Low,Adequate,Lower Stability
19,Sales,Sales Representative,1,Early Career,1,1,0.0,0.0,5.0,0.0,1.0,21,0.0,Low,0.03333333333333335,Low,Adequate,Lower Stability
36,Research & Development,Laboratory Technician,0,Mid Career,3,3,0.875,0.875,0.375,0.25,0.07692307692307693,12,0.875,High,0.8875,High,Needs Development,Lower Stability
30,Research & Development,Laboratory Technician,0,Mid Career,2,0,0.5,0.75,0.3333333333333333,0.8333333333333334,0.16666666666666666,22,0.6000000000000001,High,0.7138888888888889,High,Needs Development,Higher Stability
45,Sales,Sales Executive,0,Growth Stage,0,3,0.0,0.8,0.6,0.6,0.2222222222222222,22,0.32000000000000006,Medium,0.5800000000000001,Medium,Adequate,Lower Stability
56,Research & Development,Research Scientist,0,Early Career,3,2,1.0,1.0,1.5,1.0,0.05263157894736842,18,1.0,High,0.9500000000000001,High,Adequate,Higher Stability
33,Research & Development,Research Scientist,0,Growth Stage,0,3,0.0,0.3333333333333333,0.6666666666666666,0.6666666666666666,0.25,14,0.13333333333333333,Low,0.34444444444444444,Low,Adequate,Higher Stability
19,Research & Development,Laboratory Technician,1,Early Career,1,1,1.0,0.0,3.0,0.0,1.0,22,0.6,High,0.4,Low,Adequate,Lower Stability
46,Sales,Sales Executive,0,Senior Career,2,0,0.625,0.5416666666666666,0.08333333333333333,0.2916666666666667,0.125,75,0.5916666666666667,High,0.6555555555555556,High,Needs Development,Lower Stability
38,Research & Development,Laboratory Technician,0,Early Career,3,2,1.0,1.0,1.5,0.5,0.5,12,1.0,High,0.9500000000000001,High,Adequate,Lower Stability
31,Research & Development,Research Scientist,0,Growth Stage,0,3,0.0,0.5,0.0,0.5,0.14285714285714285,23,0.2,Low,0.45,Low,Needs Development,Lower Stability
34,Research & Development,Research Scientist,0,Growth Stage,0,3,0.3333333333333333,0.6666666666666666,1.0,0.6666666666666666,0.1111111111111111,15,0.4666666666666667,Medium,0.6000000000000001,Medium,Adequate,Higher Stability
41,Sales,Sales Representative,1,Growth Stage,0,3,0.0,0.75,1.25,0.5,0.25,22,0.30000000000000004,Medium,0.5333333333333333,Medium,Adequate,Lower Stability
50,Research & Development,Laboratory Technician,0,Growth Stage,0,3,0.0,0.6666666666666666,0.6666666666666666,0.6666666666666666,0.2,15,0.26666666666666666,Low,0.5111111111111111,Medium,Adequate,Higher Stability
53,Research & Development,Manufacturing Director,0,Growth Stage,0,3,0.25,0.5,0.75,0.75,0.4,22,0.35,Medium,0.5,Medium,Adequate,Higher Stability
33,Research & Development,Research Scientist,0,Mid Career,0,0,0.125,0.875,0.625,0.75,0.125,13,0.42500000000000004,Medium,0.6541666666666668,High,Adequate,Higher Stability
40,Research & Development,Manager,0,Senior Career,2,0,0.45,0.4,0.1,0.45,0.23809523809523808,70,0.43000000000000005,Medium,0.5316666666666667,Medium,Needs Development,Lower Stability
55,Research & Development,Research Director,0,Senior Career,2,0,0.08333333333333333,0.625,0.125,0.625,0.1388888888888889,55,0.3,Medium,0.5333333333333333,Medium,Needs Development,Lower Stability
34,Research & Development,Manufacturing Director,0,Mid Career,2,0,0.1,0.9,0.2,0.9,0.2,34,0.42000000000000004,Medium,0.6733333333333333,High,Needs Development,Higher Stability
51,Research & Development,Healthcare Representative,0,Mid Career,0,3,0.14285714285714285,1.0,0.8571428571428571,0.0,0.19047619047619047,72,0.4857142857142857,High,0.7142857142857143,High,Adequate,Lower Stability
52,Research & Development,Manager,0,Senior Career,2,0,0.3333333333333333,0.5454545454545454,0.15151515151515152,0.2727272727272727,0.14705882352941177,70,0.41818181818181815,Medium,0.5676767676767677,Medium,Needs Development,Lower Stability
27,Research & Development,Research Scientist,0,Mid Career,0,0,0.0,1.0,0.2857142857142857,0.42857142857142855,0.14285714285714285,16,0.4,Medium,0.6904761904761905,High,Needs Development,Lower Stability
35,Research & Development,Manufacturing Director,1,Early Career,0,3,0.0,0.0,1.0,1.0,0.25,26,0.0,Low,0.16666666666666669,Low,Adequate,Higher Stability
43,Research & Development,Research Scientist,0,Growth Stage,0,3,0.4,0.8,0.6,0.4,0.14285714285714285,14,0.56,High,0.7000000000000001,High,Adequate,Lower Stability
45,Research & Development,Manager,0,Senior Career,2,0,0.55,0.4,0.05,0.4,0.18181818181818182,92,0.49000000000000005,High,0.5633333333333334,Medium,Needs Development,Lower Stability
37,Research & Development,Research Scientist,0,Mid Career,0,0,0.125,0.875,0.375,0.875,0.125,12,0.42500000000000004,Medium,0.6625000000000001,High,Needs Development,Higher Stability
35,Research & Development,Laboratory Technician,0,Growth Stage,0,3,0.16666666666666666,0.3333333333333333,0.8333333333333334,0.3333333333333333,0.2,22,0.23333333333333334,Low,0.38888888888888895,Low,Adequate,Lower Stability
42,Research & Development,Manufacturing Director,0,Growth Stage,0,3,0.0,0.6,1.0,0.4,0.18181818181818182,32,0.24,Low,0.4666666666666667,Low,Adequate,Lower Stability
38,Research & Development,Manufacturing Director,0,Early Career,1,1,0.0,0.0,3.0,0.0,0.14285714285714285,28,0.0,Low,0.1,Low,Adequate,Lower Stability
38,Research & Development,Manufacturing Director,0,Mid Career,0,0,0.14285714285714285,1.0,0.42857142857142855,1.0,0.2222222222222222,36,0.4857142857142857,High,0.7285714285714285,High,Needs Development,Higher Stability
27,Research & Development,Manufacturing Director,0,Early Career,3,2,1.0,1.0,0.5,0.0,0.3333333333333333,38,1.0,High,0.9833333333333334,High,Adequate,Lower Stability
49,Research & Development,Manufacturing Director,0,Mid Career,0,0,0.14285714285714285,1.0,0.0,1.0,0.2857142857142857,30,0.4857142857142857,High,0.7428571428571429,High,Needs Development,Higher Stability
34,Research & Development,Research Scientist,0,Growth Stage,0,3,0.4,0.6,0.8,0.0,0.2,17,0.48,High,0.5933333333333333,Medium,Adequate,Lower Stability
40,Research & Development,Laboratory Technician,0,Mid Career,0,3,0.42857142857142855,0.2857142857142857,0.2857142857142857,1.0,0.13333333333333333,30,0.3714285714285714,Medium,0.4619047619047619,Low,Needs Development,Higher Stability
38,Research & Development,Healthcare Representative,1,Early Career,1,1,0.0,0.0,2.0,0.0,0.11764705882352941,38,0.0,Low,0.13333333333333336,Low,Adequate,Lower Stability
29,Sales,Sales Executive,1,Mid Career,0,3,0.1,0.4,0.3,0.9,0.3,66,0.22000000000000003,Low,0.42000000000000004,Low,Needs Development,Higher Stability
22,Research & Development,Research Scientist,0,Growth Stage,0,3,0.5,0.5,0.5,0.5,0.25,16,0.5,High,0.5833333333333334,Medium,Adequate,Lower Stability
36,Research & Development,Laboratory Technician,0,Mid Career,0,3,0.125,0.125,0.25,0.875,0.125,13,0.125,Low,0.2916666666666667,Low,Needs Development,Higher Stability
40,Research & Development,Healthcare Representative,0,Growth Stage,0,3,0.0,0.6666666666666666,1.6666666666666667,0.6666666666666666,0.4,28,0.26666666666666666,Low,0.47777777777777775,Low,Adequate,Higher Stability
46,Research & Development,Healthcare Representative,0,Growth Stage,0,3,0.0,0.5,0.75,0.75,0.17647058823529413,48,0.2,Low,0.42500000000000004,Low,Adequate,Higher Stability
32,Sales,Sales Executive,1,Mid Career,2,0,0.6428571428571429,0.5714285714285714,0.14285714285714285,0.5714285714285714,0.21428571428571427,33,0.6142857142857143,High,0.6738095238095237,High,Needs Development,Lower Stability
30,Research & Development,Manufacturing Director,0,Mid Career,2,0,0.45454545454545453,0.7272727272727273,0.18181818181818182,0.7272727272727273,0.25,66,0.5636363636363637,High,0.693939393939394,High,Needs Development,Higher Stability
27,Sales,Sales Executive,0,Mid Career,0,0,0.0,1.0,0.2857142857142857,1.0,0.2857142857142857,28,0.4,Medium,0.6904761904761905,High,Needs Development,Higher Stability
51,Research & Development,Research Director,0,Mid Career,2,0,0.4,0.9,0.5,0.7,0.1875,48,0.6000000000000001,High,0.7533333333333334,High,Adequate,Higher Stability
30,Research & Development,Research Scientist,1,Growth Stage,0,3,0.0,0.4,1.0,0.8,0.125,11,0.16000000000000003,Low,0.3666666666666667,Low,Adequate,Higher Stability
41,Sales,Manager,0,Early Career,1,1,0.0,0.0,3.0,0.0,0.1875,54,0.0,Low,0.1,Low,Adequate,Lower Stability
30,Sales,Sales Executive,1,Growth Stage,0,3,0.0,0.5,0.8333333333333334,0.16666666666666666,0.2222222222222222,30,0.2,Low,0.4222222222222223,Low,Adequate,Lower Stability
29,Research & Development,Research Scientist,1,Growth Stage,0,3,0.16666666666666666,0.3333333333333333,0.16666666666666666,0.8333333333333334,0.14285714285714285,14,0.23333333333333334,Low,0.4111111111111111,Low,Needs Development,Higher Stability
45,Sales,Sales Executive,0,Senior Career,2,0,0.631578947368421,0.3684210526315789,0.10526315789473684,0.42105263157894735,0.13043478260869565,36,0.5263157894736842,High,0.5701754385964912,Medium,Needs Development,Lower Stability
54,Sales,Sales Executive,0,Growth Stage,0,3,0.0,0.3333333333333333,0.6666666666666666,0.8333333333333334,0.125,28,0.13333333333333333,Low,0.34444444444444444,Low,Adequate,Higher Stability
36,Research & Development,Laboratory Technician,0,Mid Career,2,0,0.23076923076923078,0.8461538461538461,0.23076923076923078,0.5384615384615384,0.125,32,0.47692307692307695,High,0.6846153846153846,High,Needs Development,Lower Stability
33,Research & Development,Research Scientist,0,Growth Stage,0,3,0.3333333333333333,0.6666666666666666,1.0,0.3333333333333333,0.14285714285714285,21,0.4666666666666667,Medium,0.6000000000000001,Medium,Adequate,Lower Stability
37,Research & Development,Research Director,0,Mid Career,0,0,0.0,0.8,0.1,0.7,0.3,42,0.32000000000000006,Medium,0.5966666666666667,Medium,Needs Development,Higher Stability
38,Sales,Sales Executive,0,Senior Career,2,0,0.3125,0.625,0.375,0.8125,0.17647058823529413,36,0.4375,Medium,0.59375,Medium,Needs Development,Higher Stability
31,Research & Development,Manufacturing Director,0,Growth Stage,0,3,0.2,0.8,0.4,0.8,0.3333333333333333,24,0.44000000000000006,Medium,0.6466666666666667,High,Needs Development,Higher Stability
59,Research & Development,Research Scientist,0,Early Career,1,1,0.0,0.0,6.0,0.0,0.14285714285714285,17,0.0,Low,0.0,Low,Adequate,Lower Stability
37,Sales,Sales Representative,0,Mid Career,2,0,0.5555555555555556,0.8888888888888888,0.2222222222222222,0.8888888888888888,0.07692307692307693,17,0.6888888888888889,High,0.8037037037037038,High,Needs Development,Higher Stability
29,Sales,Sales Executive,0,Mid Career,0,3,0.36363636363636365,0.9090909090909091,0.45454545454545453,0.09090909090909091,0.2727272727272727,42,0.5818181818181818,High,0.7484848484848485,High,Needs Development,Lower Stability
35,Sales,Sales Executive,0,Mid Career,0,0,0.0,0.7,0.3,0.8,0.3,42,0.27999999999999997,Low,0.54,Medium,Needs Development,Higher Stability
29,Research & Development,Research Scientist,1,Growth Stage,0,3,0.0,0.75,0.75,0.25,0.25,13,0.30000000000000004,Medium,0.55,Medium,Adequate,Lower Stability
52,Research & Development,Laboratory Technician,0,Early Career,3,2,1.0,1.0,1.5,1.0,0.16666666666666666,15,1.0,High,0.9500000000000001,High,Adequate,Higher Stability
42,Research & Development,Manager,0,Senior Career,2,0,0.5,0.7727272727272727,0.13636363636363635,0.6818181818181818,0.22727272727272727,55,0.6090909090909091,High,0.7318181818181818,High,Needs Development,Higher Stability
59,Human Resources,Human Resources,0,Early Career,3,2,1.0,1.0,1.0,1.0,0.14285714285714285,17,1.0,High,0.9666666666666668,High,Adequate,Higher Stability
50,Sales,Manager,0,Mid Career,0,3,0.0,0.0,0.42857142857142855,0.8571428571428571,0.15625,55,0.0,Low,0.18571428571428572,Low,Needs Development,Higher Stability
33,Research & Development,Laboratory Technician,1,Growth Stage,0,3,0.0,0.8,0.4,0.8,0.125,13,0.32000000000000006,Medium,0.5866666666666667,Medium,Needs Development,Higher Stability
43,Sales,Manager,0,Senior Career,2,0,0.058823529411764705,0.7647058823529411,0.17647058823529413,0.5294117647058824,0.18181818181818182,88,0.3411764705882353,Medium,0.5941176470588235,Medium,Needs Development,Lower Stability
33,Research & Development,Laboratory Technician,1,Mid Career,0,0,0.1111111111111111,0.7777777777777778,0.3333333333333333,0.7777777777777778,0.07692307692307693,20,0.37777777777777777,Medium,0.6111111111111112,Medium,Needs Development,Higher Stability
52,Sales,Manager,0,Senior Career,2,0,0.45454545454545453,0.21212121212121213,0.06060606060606061,0.36363636363636365,0.15151515151515152,90,0.35757575757575755,Medium,0.4404040404040404,Low,Needs Development,Lower Stability
32,Sales,Sales Representative,0,Growth Stage,0,3,0.25,0.75,1.25,0.5,0.16666666666666666,11,0.45000000000000007,Medium,0.6083333333333334,Medium,Adequate,Lower Stability
32,Research & Development,Laboratory Technician,1,Growth Stage,0,3,0.3333333333333333,0.6666666666666666,0.6666666666666666,0.6666666666666666,0.25,14,0.4666666666666667,Medium,0.6111111111111112,Medium,Adequate,Higher Stability
39,Research & Development,Laboratory Technician,0,Growth Stage,0,3,0.3333333333333333,0.6666666666666666,0.3333333333333333,0.6666666666666666,0.14285714285714285,14,0.4666666666666667,Medium,0.6222222222222222,Medium,Needs Development,Higher Stability
32,Sales,Sales Executive,0,Growth Stage,3,2,0.6666666666666666,0.6666666666666666,0.6666666666666666,0.6666666666666666,0.5,36,0.6666666666666666,High,0.7111111111111111,High,Adequate,Higher Stability
41,Research & Development,Research Scientist,0,Early Career,1,1,0.0,0.0,2.0,0.0,0.11764705882352941,32,0.0,Low,0.13333333333333336,Low,Adequate,Lower Stability
40,Research & Development,Research Scientist,0,Mid Career,2,0,0.4444444444444444,0.8888888888888888,0.3333333333333333,0.7777777777777778,0.2222222222222222,34,0.6222222222222222,High,0.7666666666666666,High,Needs Development,Higher Stability
45,Research & Development,Manager,0,Senior Career,0,0,0.041666666666666664,0.0,0.08333333333333333,0.2916666666666667,0.2,55,0.024999999999999998,Low,0.20972222222222225,Low,Needs Development,Lower Stability
31,Research & Development,Research Director,0,Early Career,3,2,1.0,1.0,1.5,1.0,0.3333333333333333,36,1.0,High,0.9500000000000001,High,Adequate,Higher Stability
33,Research & Development,Research Scientist,0,Early Career,0,3,0.0,1.0,1.0,1.0,0.5,13,0.4,Medium,0.6666666666666667,High,Adequate,Higher Stability
34,Research & Development,Manufacturing Director,0,Mid Career,2,0,0.45454545454545453,0.8181818181818182,0.2727272727272727,0.8181818181818182,0.15384615384615385,26,0.6000000000000001,High,0.7363636363636364,High,Needs Development,Higher Stability
37,Research & Development,Research Scientist,0,Growth Stage,0,3,0.0,0.3333333333333333,0.6666666666666666,0.6666666666666666,0.058823529411764705,14,0.13333333333333333,Low,0.34444444444444444,Low,Adequate,Higher Stability
45,Research & Development,Manufacturing Director,0,Growth Stage,0,3,0.0,0.6666666666666666,0.3333333333333333,0.6666666666666666,0.2222222222222222,34,0.26666666666666666,Low,0.5222222222222221,Medium,Needs Development,Higher Stability
37,Research & Development,Manufacturing Director,1,Early Career,1,1,0.0,0.0,5.0,0.0,0.17647058823529413,33,0.0,Low,0.03333333333333335,Low,Adequate,Lower Stability
39,Research & Development,Healthcare Representative,0,Senior Career,2,0,0.5789473684210527,0.3157894736842105,0.05263157894736842,0.42105263157894735,0.15,75,0.4736842105263158,High,0.5298245614035089,Medium,Needs Development,Lower Stability
29,Research & Development,Research Scientist,0,Growth Stage,0,3,0.16666666666666666,0.8333333333333334,0.16666666666666666,0.8333333333333334,0.16666666666666666,19,0.43333333333333335,Medium,0.6611111111111111,High,Needs Development,Higher Stability
42,Research & Development,Research Scientist,0,Growth Stage,0,3,0.0,0.6666666666666666,0.3333333333333333,0.6666666666666666,0.2,26,0.26666666666666666,Low,0.5222222222222221,Medium,Needs Development,Higher Stability
29,Sales,Sales Executive,0,Growth Stage,0,3,0.0,0.6666666666666666,0.6666666666666666,0.6666666666666666,0.2,28,0.26666666666666666,Low,0.5111111111111111,Medium,Adequate,Higher Stability
25,Research & Development,Manufacturing Director,0,Growth Stage,0,3,0.25,0.5,0.75,0.5,0.4,24,0.35,Medium,0.5,Medium,Adequate,Lower Stability
42,Research & Development,Laboratory Technician,0,Mid Career,2,2,0.7777777777777778,0.6666666666666666,0.4444444444444444,0.8888888888888888,0.1,11,0.7333333333333334,High,0.7518518518518519,High,Needs Development,Higher Stability
40,Research & Development,Research Director,0,Senior Career,2,0,0.14285714285714285,0.3333333333333333,0.23809523809523808,0.42857142857142855,0.22727272727272727,95,0.21904761904761905,Low,0.4015873015873016,Low,Needs Development,Lower Stability
51,Research & Development,Research Scientist,0,Early Career,1,1,0.0,0.0,0.0,0.0,1.0,11,0.0,Low,0.2,Low,Needs Development,Lower Stability
31,Research & Development,Laboratory Technician,1,Growth Stage,0,3,0.2,0.8,0.4,0.8,0.16666666666666666,11,0.44000000000000006,Medium,0.6466666666666667,High,Needs Development,Higher Stability
32,Research & Development,Laboratory Technician,0,Growth Stage,0,3,0.0,0.2,0.6,0.6,0.2,20,0.08000000000000002,Low,0.28,Low,Adequate,Lower Stability
38,Sales,Sales Executive,0,Mid Career,3,2,0.875,0.875,0.0,0.625,0.15384615384615385,36,0.875,High,0.8999999999999999,High,Needs Development,Lower Stability
32,Research & Development,Laboratory Technician,0,Growth Stage,0,3,0.0,0.3333333333333333,0.8333333333333334,0.6666666666666666,0.2222222222222222,26,0.13333333333333333,Low,0.3388888888888889,Low,Adequate,Higher Stability
46,Sales,Manager,0,Mid Career,3,2,1.0,1.0,0.2857142857142857,1.0,0.14285714285714285,48,1.0,High,0.9904761904761905,High,Needs Development,Higher Stability
28,Research & Development,Laboratory Technician,1,Early Career,1,1,0.0,0.0,5.0,0.0,0.2,11,0.0,Low,0.03333333333333335,Low,Adequate,Lower Stability
29,Sales,Sales Executive,0,Early Career,1,1,0.0,0.0,2.0,0.0,0.2,38,0.0,Low,0.13333333333333336,Low,Adequate,Lower Stability
31,Research & Development,Healthcare Representative,0,Mid Career,3,2,0.7777777777777778,0.0,0.2222222222222222,0.8888888888888888,0.2,42,0.4666666666666667,Medium,0.42592592592592593,Low,Needs Development,Higher Stability
25,Research & Development,Healthcare Representative,0,Growth Stage,0,3,0.16666666666666666,0.5,0.3333333333333333,0.8333333333333334,0.3333333333333333,24,0.3,Medium,0.4888888888888889,Low,Needs Development,Higher Stability
45,Research & Development,Healthcare Representative,0,Senior Career,2,0,0.2,0.35,0.1,0.5,0.19047619047619047,56,0.26,Low,0.43166666666666664,Low,Needs Development,Lower Stability
36,Research & Development,Laboratory Technician,0,Senior Career,2,0,0.6666666666666666,0.8666666666666667,0.26666666666666666,0.7333333333333333,0.0625,11,0.7466666666666666,High,0.8244444444444444,High,Needs Development,Higher Stability
55,Research & Development,Manager,0,Senior Career,2,0,0.1111111111111111,0.2777777777777778,0.05555555555555555,0.3611111111111111,0.13513513513513514,70,0.17777777777777778,Low,0.37037037037037035,Low,Needs Development,Lower Stability
47,Research & Development,Manager,1,Mid Career,2,2,0.9,0.7,0.2,0.9,0.3,36,0.8200000000000001,High,0.8133333333333334,High,Needs Development,Higher Stability
28,Research & Development,Research Scientist,0,Growth Stage,0,3,0.0,0.4,0.6,0.8,0.2,23,0.16000000000000003,Low,0.38,Low,Adequate,Higher Stability
37,Sales,Sales Executive,0,Growth Stage,0,3,0.0,0.8,1.0,0.2,0.2857142857142857,28,0.32000000000000006,Medium,0.5666666666666667,Medium,Adequate,Lower Stability
21,Research & Development,Research Scientist,0,Growth Stage,0,3,0.3333333333333333,0.6666666666666666,1.3333333333333333,0.0,0.3333333333333333,17,0.4666666666666667,Medium,0.5888888888888889,Medium,Adequate,Lower Stability
37,Research & Development,Research Director,0,Growth Stage,0,3,0.0,0.4,0.4,0.4,0.2,54,0.16000000000000003,Low,0.3866666666666667,Low,Needs Development,Lower Stability
35,Research & Development,Manager,0,Mid Career,3,3,0.8571428571428571,1.0,0.8571428571428571,0.2857142857142857,0.3,54,0.9142857142857143,High,0.9285714285714286,High,Adequate,Lower Stability
38,Sales,Sales Executive,0,Mid Career,3,2,0.875,0.0,0.375,0.875,0.25,48,0.525,High,0.45,Low,Needs Development,Higher Stability
26,Research & Development,Manufacturing Director,0,Growth Stage,0,3,0.16666666666666666,0.8333333333333334,1.0,0.6666666666666666,0.3333333333333333,40,0.43333333333333335,Medium,0.6333333333333333,Medium,Adequate,Higher Stability
50,Research & Development,Research Director,0,Mid Career,0,3,0.1,0.4,0.4,0.6,0.17857142857142858,70,0.22000000000000003,Low,0.4166666666666667,Low,Needs Development,Lower Stability
53,Research & Development,Research Director,0,Growth Stage,0,3,0.2,0.6,1.0,0.6,0.19047619047619047,64,0.36,Medium,0.5266666666666666,Medium,Adequate,Lower Stability
42,Sales,Sales Executive,0,Senior Career,2,0,0.55,0.8,0.15,0.3,0.1,50,0.6500000000000001,High,0.76,High,Needs Development,Lower Stability
29,Sales,Sales Executive,0,Mid Career,0,0,0.0,0.7,0.3,0.9,0.2,36,0.27999999999999997,Low,0.54,Medium,Needs Development,Higher Stability
55,Research & Development,Laboratory Technician,0,Mid Career,0,0,0.0,0.7,0.4,0.8,0.16666666666666666,38,0.27999999999999997,Low,0.5366666666666666,Medium,Needs Development,Higher Stability
26,Research & Development,Healthcare Representative,0,Growth Stage,3,2,0.6,0.6,0.6,0.6,0.4,26,0.6,High,0.66,High,Adequate,Lower Stability
37,Research & Development,Research Scientist,0,Senior Career,2,0,0.29411764705882354,0.7058823529411765,0.17647058823529413,0.4117647058823529,0.058823529411764705,12,0.45882352941176474,Medium,0.6352941176470588,Medium,Needs Development,Lower Stability
44,Research & Development,Laboratory Technician,1,Early Career,0,1,0.0,0.0,0.0,0.0,0.05263157894736842,22,0.0,Low,0.2,Low,Needs Development,Lower Stability
38,Research & Development,Healthcare Representative,0,Early Career,3,3,0.5,1.0,1.0,1.0,0.2,28,0.7,High,0.8166666666666667,High,Adequate,Higher Stability
26,Research & Development,Laboratory Technician,1,Growth Stage,0,3,0.0,0.6666666666666666,0.6666666666666666,0.6666666666666666,0.2,13,0.26666666666666666,Low,0.5111111111111111,Medium,Adequate,Higher Stability
28,Research & Development,Research Scientist,0,Growth Stage,0,3,0.0,0.6,0.6,0.4,0.2,21,0.24,Low,0.48,Low,Adequate,Lower Stability
49,Research & Development,Research Director,0,Growth Stage,0,3,0.3333333333333333,0.6666666666666666,1.3333333333333333,0.6666666666666666,0.22727272727272727,55,0.4666666666666667,Medium,0.5888888888888889,Medium,Adequate,Higher Stability
36,Research & Development,Research Scientist,0,Mid Career,3,2,0.875,0.0,0.25,0.875,0.2,24,0.525,High,0.4541666666666667,Low,Needs Development,Higher Stability
31,Sales,Sales Representative,0,Early Career,3,2,1.0,1.0,2.5,1.0,0.5,11,1.0,High,0.9166666666666667,High,Adequate,Higher Stability
26,Sales,Sales Executive,1,Mid Career,3,2,0.875,0.875,0.0,0.5,0.25,24,0.875,High,0.8999999999999999,High,Needs Development,Lower Stability
37,Research & Development,Research Scientist,0,Growth Stage,0,3,0.25,0.5,0.75,0.5,0.25,12,0.35,Medium,0.5,Medium,Adequate,Lower Stability
42,Sales,Sales Executive,0,Senior Career,2,0,0.2,0.2,0.1,0.4,0.17391304347826086,56,0.2,Low,0.3566666666666667,Low,Needs Development,Lower Stability
18,Research & Development,Laboratory Technician,1,Early Career,1,1,0.0,0.0,2.0,0.0,1.0,13,0.0,Low,0.13333333333333336,Low,Adequate,Lower Stability
35,Sales,Sales Executive,0,Mid Career,2,0,0.5454545454545454,0.8181818181818182,0.2727272727272727,0.8181818181818182,0.25,45,0.6545454545454545,High,0.7636363636363637,High,Needs Development,Higher Stability
36,Research & Development,Laboratory Technician,0,Early Career,1,1,0.0,0.0,2.0,0.0,0.25,18,0.0,Low,0.13333333333333336,Low,Adequate,Lower Stability
51,Research & Development,Manufacturing Director,0,Growth Stage,0,3,0.25,0.25,0.75,0.5,0.15384615384615385,36,0.25,Low,0.375,Low,Adequate,Lower Stability
41,Sales,Manager,0,Senior Career,2,0,0.0,0.45454545454545453,0.09090909090909091,0.18181818181818182,0.18181818181818182,76,0.18181818181818182,Low,0.42424242424242425,Low,Needs Development,Lower Stability
18,Sales,Sales Representative,0,Early Career,1,1,0.0,0.0,2.0,0.0,1.0,12,0.0,Low,0.13333333333333336,Low,Adequate,Lower Stability
28,Research & Development,Healthcare Representative,0,Mid Career,0,3,0.0,0.375,0.25,0.875,0.2222222222222222,38,0.15000000000000002,Low,0.37916666666666665,Low,Needs Development,Higher Stability
31,Sales,Sales Executive,0,Mid Career,3,2,0.875,0.875,0.375,0.875,0.2,22,0.875,High,0.8875,High,Needs Development,Higher Stability
39,Research & Development,Healthcare Representative,0,Senior Career,2,0,0.16666666666666666,0.5555555555555556,0.2777777777777778,0.3888888888888889,0.15789473684210525,51,0.32222222222222224,Medium,0.5185185185185186,Medium,Needs Development,Lower Stability
36,Research & Development,Laboratory Technician,0,Mid Career,0,0,0.0,0.8888888888888888,0.3333333333333333,0.8888888888888888,0.18181818181818182,30,0.35555555555555557,Medium,0.6333333333333333,Medium,Needs Development,Higher Stability
32,Sales,Sales Executive,0,Mid Career,2,0,0.3076923076923077,0.6153846153846154,0.23076923076923078,0.6153846153846154,0.15384615384615385,28,0.4307692307692308,Medium,0.5923076923076923,Medium,Needs Development,Lower Stability
38,Research & Development,Research Director,0,Mid Career,0,3,0.0,0.8,0.2,0.1,0.15789473684210525,51,0.32000000000000006,Medium,0.5933333333333334,Medium,Needs Development,Lower Stability
58,Research & Development,Healthcare Representative,0,Growth Stage,0,3,0.2,0.6,0.4,0.4,0.16666666666666666,26,0.36,Medium,0.5466666666666666,Medium,Needs Development,Lower Stability
31,Research & Development,Research Scientist,0,Growth Stage,0,3,0.0,0.4,0.8,0.6,0.16666666666666666,12,0.16000000000000003,Low,0.37333333333333335,Low,Adequate,Lower Stability
31,Human Resources,Human Resources,0,Early Career,0,3,0.5,1.0,0.5,0.0,0.2222222222222222,24,0.7,High,0.8333333333333333,High,Adequate,Lower Stability
45,Research & Development,Laboratory Technician,0,Senior Career,2,0,0.375,0.375,0.08333333333333333,0.4583333333333333,0.125,54,0.375,Medium,0.49722222222222223,Medium,Needs Development,Lower Stability
31,Research & Development,Research Scientist,0,Early Career,3,2,1.0,1.0,1.0,1.0,0.3333333333333333,18,1.0,High,0.9666666666666668,High,Adequate,Higher Stability
33,Research & Development,Manager,0,Mid Career,2,2,0.8,0.6,0.2,0.8,0.25,33,0.72,High,0.7333333333333334,High,Needs Development,Higher Stability
39,Research & Development,Manager,0,Senior Career,2,0,0.5238095238095238,0.42857142857142855,0.14285714285714285,0.47619047619047616,0.19047619047619047,56,0.4857142857142857,High,0.5666666666666667,Medium,Needs Development,Lower Stability
43,Research & Development,Laboratory Technician,0,Mid Career,0,0,0.125,0.875,0.625,0.875,0.1111111111111111,19,0.42500000000000004,Medium,0.6541666666666668,High,Adequate,Higher Stability
49,Research & Development,Healthcare Representative,0,Mid Career,0,3,0.0,0.14285714285714285,0.2857142857142857,1.0,0.16,48,0.05714285714285714,Low,0.26190476190476186,Low,Needs Development,Higher Stability
52,Research & Development,Research Scientist,1,Mid Career,3,2,0.875,0.25,0.375,0.875,0.18181818181818182,30,0.625,High,0.575,Medium,Needs Development,Higher Stability
27,Research & Development,Research Scientist,0,Growth Stage,0,3,0.25,0.75,0.5,0.5,0.25,12,0.45000000000000007,Medium,0.6333333333333333,Medium,Adequate,Lower Stability
32,Sales,Sales Executive,0,Mid Career,2,0,0.8461538461538461,0.9230769230769231,0.15384615384615385,0.6923076923076923,0.15384615384615385,22,0.8769230769230769,High,0.9102564102564102,High,Needs Development,Higher Stability
27,Sales,Sales Executive,0,Growth Stage,0,3,0.0,0.8,0.6,0.8,0.4,22,0.32000000000000006,Medium,0.5800000000000001,Medium,Adequate,Higher Stability
31,Sales,Sales Executive,0,Mid Career,0,0,0.14285714285714285,1.0,0.42857142857142855,1.0,0.15384615384615385,24,0.4857142857142857,High,0.7285714285714285,High,Needs Development,Higher Stability
32,Research & Development,Research Scientist,0,Mid Career,0,0,0.0,1.0,0.0,1.0,0.2,32,0.4,Medium,0.7,High,Needs Development,Higher Stability
28,Research & Development,Research Scientist,1,Growth Stage,3,2,0.6666666666666666,0.6666666666666666,1.3333333333333333,0.6666666666666666,0.2,13,0.6666666666666666,High,0.6888888888888889,High,Adequate,Higher Stability
30,Research & Development,Research Scientist,0,Mid Career,0,0,0.1,0.8,0.2,0.9,0.18181818181818182,26,0.38000000000000006,Medium,0.6233333333333334,Medium,Needs Development,Higher Stability
31,Research & Development,Manufacturing Director,0,Mid Career,2,2,0.8,0.9,0.2,0.9,0.3,72,0.8400000000000001,High,0.8833333333333334,High,Needs Development,Higher Stability
39,Research & Development,Manager,0,Senior Career,2,0,0.6190476190476191,0.42857142857142855,0.09523809523809523,0.14285714285714285,0.23809523809523808,75,0.5428571428571429,High,0.5968253968253969,Medium,Needs Development,Lower Stability
39,Sales,Sales Executive,1,Early Career,1,1,0.0,0.0,3.0,0.0,0.16666666666666666,36,0.0,Low,0.1,Low,Adequate,Lower Stability
33,Sales,Sales Executive,0,Mid Career,0,3,0.0,1.0,0.8571428571428571,0.14285714285714285,0.2222222222222222,28,0.4,Medium,0.6714285714285715,High,Adequate,Lower Stability
47,Research & Development,Research Director,0,Growth Stage,0,3,0.3333333333333333,0.6666666666666666,0.6666666666666666,0.3333333333333333,0.23809523809523808,55,0.4666666666666667,Medium,0.6111111111111112,Medium,Adequate,Lower Stability
43,Research & Development,Laboratory Technician,0,Mid Career,0,3,0.0,0.7777777777777778,0.3333333333333333,0.0,0.2222222222222222,22,0.3111111111111111,Medium,0.5777777777777777,Medium,Needs Development,Lower Stability
27,Sales,Sales Executive,0,Growth Stage,0,3,0.2,0.8,0.0,0.8,0.3333333333333333,26,0.44000000000000006,Medium,0.66,High,Needs Development,Higher Stability
54,Research & Development,Research Scientist,0,Growth Stage,0,3,0.0,0.75,1.0,0.75,0.1,24,0.30000000000000004,Medium,0.5416666666666667,Medium,Adequate,Higher Stability
43,Research & Development,Healthcare Representative,0,Early Career,1,1,0.0,0.0,1.0,0.0,0.3,48,0.0,Low,0.16666666666666669,Low,Adequate,Lower Stability
45,Research & Development,Research Scientist,0,Mid Career,2,2,0.9,0.9,0.3,0.8,0.16666666666666666,28,0.9000000000000001,High,0.9100000000000001,High,Needs Development,Higher Stability
40,Sales,Sales Executive,0,Growth Stage,0,3,0.0,0.75,0.5,0.5,0.3333333333333333,44,0.30000000000000004,Medium,0.5583333333333333,Medium,Adequate,Lower Stability
29,Research & Development,Laboratory Technician,1,Mid Career,0,0,0.0,1.0,0.5714285714285714,1.0,0.14285714285714285,11,0.4,Medium,0.680952380952381,High,Adequate,Higher Stability
29,Research & Development,Laboratory Technician,0,Growth Stage,3,2,0.6666666666666666,0.6666666666666666,0.6666666666666666,0.6666666666666666,0.25,17,0.6666666666666666,High,0.7111111111111111,High,Adequate,Higher Stability
30,Sales,Sales Executive,0,Mid Career,0,3,0.1,0.9,0.2,0.2,0.2,26,0.42000000000000004,Medium,0.6733333333333333,High,Needs Development,Lower Stability
27,Sales,Sales Executive,0,Mid Career,0,0,0.0,0.875,0.375,0.875,0.25,36,0.35000000000000003,Medium,0.625,Medium,Needs Development,Higher Stability
37,Research & Development,Manufacturing Director,0,Growth Stage,0,3,0.0,0.3333333333333333,0.3333333333333333,0.6666666666666666,0.25,32,0.13333333333333333,Low,0.3555555555555555,Low,Needs Development,Higher Stability
38,Research & Development,Research Director,0,Mid Career,2,0,0.18181818181818182,0.9090909090909091,0.2727272727272727,0.8181818181818182,0.25,42,0.4727272727272727,High,0.7,High,Needs Development,Higher Stability
31,Research & Development,Manufacturing Director,0,Mid Career,2,0,0.36363636363636365,0.8181818181818182,0.18181818181818182,0.9090909090909091,0.2727272727272727,42,0.5454545454545455,High,0.7121212121212122,High,Needs Development,Higher Stability
29,Sales,Sales Executive,0,Mid Career,0,0,0.14285714285714285,1.0,0.2857142857142857,1.0,0.2857142857142857,28,0.4857142857142857,High,0.7333333333333333,High,Needs Development,Higher Stability
35,Research & Development,Manufacturing Director,0,Senior Career,2,0,0.0,0.375,0.3125,0.8125,0.17647058823529413,39,0.15000000000000002,Low,0.3770833333333333,Low,Needs Development,Higher Stability
23,Research & Development,Research Scientist,0,Growth Stage,0,3,0.0,0.5,0.5,0.5,0.25,12,0.2,Low,0.43333333333333335,Low,Adequate,Lower Stability
41,Research & Development,Manufacturing Director,0,Growth Stage,0,3,0.2,0.8,0.6,0.4,0.25,30,0.44000000000000006,Medium,0.64,Medium,Adequate,Lower Stability
47,Sales,Sales Representative,0,Early Career,1,1,0.0,0.0,3.0,0.0,0.4,38,0.0,Low,0.1,Low,Adequate,Lower Stability
42,Research & Development,Research Director,0,Early Career,1,1,0.0,0.0,2.0,0.0,0.25,56,0.0,Low,0.13333333333333336,Low,Adequate,Lower Stability
29,Sales,Sales Executive,0,Growth Stage,0,3,0.0,0.75,0.75,0.5,0.5,28,0.30000000000000004,Medium,0.55,Medium,Adequate,Lower Stability
42,Human Resources,Human Resources,0,Growth Stage,0,3,0.3333333333333333,0.6666666666666666,1.6666666666666667,0.0,0.25,11,0.4666666666666667,Medium,0.5777777777777778,Medium,Adequate,Lower Stability
32,Research & Development,Laboratory Technician,0,Mid Career,0,3,0.0,0.0,0.5,0.875,0.125,13,0.0,Low,0.18333333333333335,Low,Adequate,Higher Stability
48,Sales,Manager,0,Early Career,1,1,0.0,0.0,3.0,0.0,0.2,63,0.0,Low,0.1,Low,Adequate,Lower Stability
37,Research & Development,Research Scientist,0,Mid Career,3,2,0.8571428571428571,1.0,0.2857142857142857,1.0,0.15384615384615385,26,0.9142857142857143,High,0.9476190476190476,High,Needs Development,Higher Stability
30,Sales,Sales Executive,0,Early Career,3,2,1.0,1.0,1.0,1.0,0.5,24,1.0,High,0.9666666666666668,High,Adequate,Higher Stability
26,Sales,Sales Executive,0,Mid Career,3,2,0.875,0.875,0.375,0.875,0.25,34,0.875,High,0.8875,High,Needs Development,Higher Stability
42,Research & Development,Healthcare Representative,0,Early Career,1,1,0.0,0.0,6.0,0.0,0.14285714285714285,46,0.0,Low,0.0,Low,Adequate,Lower Stability
21,Sales,Sales Representative,1,Growth Stage,0,3,0.3333333333333333,0.6666666666666666,1.0,0.6666666666666666,0.3333333333333333,11,0.4666666666666667,Medium,0.6000000000000001,Medium,Adequate,Higher Stability
36,Sales,Sales Executive,0,Early Career,1,1,0.0,0.0,6.0,0.0,0.2857142857142857,30,0.0,Low,0.0,Low,Adequate,Lower Stability
36,Sales,Sales Executive,0,Mid Career,2,0,0.07692307692307693,0.6923076923076923,0.15384615384615385,0.9230769230769231,0.1875,33,0.3230769230769231,Medium,0.5641025641025641,Medium,Needs Development,Higher Stability
57,Research & Development,Healthcare Representative,0,Growth Stage,0,3,0.3333333333333333,0.6666666666666666,0.6666666666666666,0.6666666666666666,0.13333333333333333,22,0.4666666666666667,Medium,0.6111111111111112,Medium,Adequate,Higher Stability
40,Research & Development,Laboratory Technician,0,Mid Career,0,0,0.14285714285714285,1.0,0.42857142857142855,1.0,0.1,13,0.4857142857142857,High,0.7285714285714285,High,Needs Development,Higher Stability
21,Sales,Sales Representative,0,Growth Stage,3,2,0.6666666666666666,0.6666666666666666,1.0,0.6666666666666666,0.3333333333333333,24,0.6666666666666666,High,0.7,High,Adequate,Higher Stability
33,Sales,Sales Representative,1,Early Career,1,1,0.0,0.0,2.0,0.0,1.0,13,0.0,Low,0.13333333333333336,Low,Adequate,Lower Stability
37,Research & Development,Laboratory Technician,0,Growth Stage,0,3,0.0,0.8,0.6,0.6,0.058823529411764705,20,0.32000000000000006,Medium,0.5800000000000001,Medium,Adequate,Lower Stability
46,Research & Development,Manufacturing Director,0,Early Career,1,1,0.0,0.0,2.0,0.0,0.2857142857142857,28,0.0,Low,0.13333333333333336,Low,Adequate,Lower Stability
41,Sales,Sales Executive,1,Mid Career,3,2,0.875,0.875,0.625,0.875,0.25,36,0.875,High,0.8791666666666667,High,Adequate,Higher Stability
50,Research & Development,Healthcare Representative,0,Growth Stage,0,3,0.25,0.75,0.5,0.75,0.15,45,0.45000000000000007,Medium,0.6333333333333333,Medium,Adequate,Higher Stability
40,Sales,Sales Executive,1,Growth Stage,0,3,0.16666666666666666,0.6666666666666666,1.0,0.0,0.25,24,0.36666666666666664,Medium,0.55,Medium,Adequate,Lower Stability
31,Research & Development,Research Scientist,0,Early Career,3,2,1.0,1.0,2.5,1.0,0.3333333333333333,16,1.0,High,0.9166666666666667,High,Adequate,Higher Stability
21,Sales,Sales Representative,1,Early Career,1,1,0.0,0.0,0.0,0.0,1.0,15,0.0,Low,0.2,Low,Needs Development,Lower Stability
29,Research & Development,Research Scientist,0,Growth Stage,0,3,0.3333333333333333,0.6666666666666666,1.3333333333333333,0.6666666666666666,0.16666666666666666,16,0.4666666666666667,Medium,0.5888888888888889,Medium,Adequate,Higher Stability
35,Research & Development,Healthcare Representative,0,Early Career,1,1,0.0,1.0,5.0,0.0,0.2,38,0.4,Medium,0.5333333333333333,Medium,Adequate,Lower Stability
27,Research & Development,Laboratory Technician,0,Growth Stage,0,3,0.0,0.4,0.4,0.8,0.2,11,0.16000000000000003,Low,0.3866666666666667,Low,Needs Development,Higher Stability
28,Sales,Sales Executive,0,Mid Career,0,3,0.0,0.7142857142857143,0.14285714285714285,1.0,0.2857142857142857,32,0.28571428571428575,Medium,0.5523809523809524,Medium,Needs Development,Higher Stability
49,Research & Development,Healthcare Representative,0,Growth Stage,0,3,0.0,0.4,0.4,0.0,0.11538461538461539,72,0.16000000000000003,Low,0.3866666666666667,Low,Needs Development,Lower Stability
51,Sales,Sales Executive,0,Mid Career,0,0,0.0,1.0,0.2857142857142857,1.0,0.1111111111111111,22,0.4,Medium,0.6904761904761905,High,Needs Development,Higher Stability
36,Research & Development,Research Scientist,0,Early Career,3,2,1.0,1.0,1.5,1.0,0.16666666666666666,13,1.0,High,0.9500000000000001,High,Adequate,Higher Stability
34,Sales,Sales Executive,1,Growth Stage,0,3,0.0,0.4,0.6,0.8,0.2222222222222222,26,0.16000000000000003,Low,0.38,Low,Adequate,Higher Stability
55,Research & Development,Manager,0,Growth Stage,0,3,0.2,0.8,0.4,0.4,0.13333333333333333,52,0.44000000000000006,Medium,0.6466666666666667,High,Needs Development,Lower Stability
24,Sales,Sales Executive,0,Growth Stage,0,3,0.0,0.4,0.4,0.6,0.4,24,0.16000000000000003,Low,0.3866666666666667,Low,Needs Development,Lower Stability
30,Sales,Sales Representative,0,Early Career,1,1,0.0,0.0,3.0,0.0,1.0,18,0.0,Low,0.1,Low,Adequate,Lower Stability
26,Research & Development,Research Scientist,1,Growth Stage,0,3,0.0,0.6666666666666666,0.3333333333333333,0.6666666666666666,0.14285714285714285,22,0.26666666666666666,Low,0.5222222222222221,Medium,Needs Development,Higher Stability
22,Research & Development,Research Scientist,0,Early Career,3,2,0.5,0.5,0.5,1.0,0.5,13,0.5,High,0.5833333333333334,Medium,Adequate,Higher Stability
36,Sales,Sales Executive,0,Mid Career,3,3,0.9,0.9,0.2,0.0,0.3,39,0.9000000000000001,High,0.9133333333333334,High,Needs Development,Lower Stability
30,Research & Development,Research Scientist,1,Early Career,1,1,0.0,0.0,4.0,0.0,0.3333333333333333,23,0.0,Low,0.06666666666666668,Low,Adequate,Lower Stability
37,Research & Development,Laboratory Technician,0,Senior Career,2,0,0.6666666666666666,0.3888888888888889,0.1111111111111111,0.9444444444444444,0.05555555555555555,12,0.5555555555555556,High,0.5907407407407408,Medium,Needs Development,Higher Stability
40,Sales,Sales Executive,0,Growth Stage,0,3,0.2,0.8,1.0,0.6,0.25,24,0.44000000000000006,Medium,0.6266666666666667,Medium,Adequate,Lower Stability
42,Research & Development,Laboratory Technician,0,Growth Stage,0,3,0.2,0.4,1.0,0.4,0.125,16,0.28,Medium,0.4266666666666667,Low,Adequate,Lower Stability
37,Research & Development,Manufacturing Director,0,Early Career,0,3,0.0,0.0,2.0,1.0,0.1111111111111111,24,0.0,Low,0.13333333333333336,Low,Adequate,Higher Stability
43,Research & Development,Research Director,0,Senior Career,2,0,0.12,0.4,0.12,0.36,0.16,44,0.23200000000000004,Low,0.43200000000000005,Low,Needs Development,Lower Stability
40,Research & Development,Laboratory Technician,0,Early Career,1,1,0.0,0.0,3.0,0.0,0.1,44,0.0,Low,0.1,Low,Adequate,Lower Stability
54,Research & Development,Research Director,0,Growth Stage,0,3,0.25,0.5,1.0,0.5,0.20833333333333334,55,0.35,Medium,0.49166666666666664,Medium,Adequate,Lower Stability
34,Sales,Sales Executive,0,Growth Stage,0,3,0.3333333333333333,0.6666666666666666,1.0,0.6666666666666666,0.3333333333333333,30,0.4666666666666667,Medium,0.6000000000000001,Medium,Adequate,Higher Stability
31,Research & Development,Manufacturing Director,0,Mid Career,2,0,0.23076923076923078,0.7692307692307693,0.38461538461538464,0.9230769230769231,0.15384615384615385,24,0.4461538461538462,Medium,0.6410256410256411,Medium,Needs Development,Higher Stability
43,Research & Development,Laboratory Technician,0,Growth Stage,0,3,0.3333333333333333,0.6666666666666666,0.3333333333333333,0.6666666666666666,0.125,20,0.4666666666666667,Medium,0.6222222222222222,Medium,Needs Development,Higher Stability
43,Research & Development,Healthcare Representative,0,Growth Stage,0,3,0.0,0.4,0.6,0.4,0.25,28,0.16000000000000003,Low,0.38,Low,Adequate,Lower Stability
25,Sales,Sales Executive,0,Growth Stage,0,3,0.2,0.8,0.6,0.6,0.4,22,0.44000000000000006,Medium,0.64,Medium,Adequate,Lower Stability
37,Research & Development,Research Scientist,0,Mid Career,2,0,0.7692307692307693,0.8461538461538461,0.15384615384615385,0.5384615384615384,0.13333333333333333,30,0.8,High,0.8487179487179487,High,Needs Development,Lower Stability
31,Research & Development,Laboratory Technician,0,Growth Stage,3,2,0.75,0.5,0.75,0.5,0.25,12,0.6499999999999999,High,0.65,High,Adequate,Lower Stability
39,Research & Development,Manager,0,Senior Career,2,0,0.047619047619047616,0.38095238095238093,0.14285714285714285,0.2857142857142857,0.23809523809523808,70,0.18095238095238098,Low,0.4,Low,Needs Development,Lower Stability
56,Sales,Sales Executive,0,Mid Career,3,2,1.0,1.0,0.0,1.0,0.1111111111111111,44,1.0,High,1.0,High,Needs Development,Higher Stability
30,Sales,Sales Executive,0,Growth Stage,3,2,0.8,0.8,1.2,0.8,0.3333333333333333,22,0.8,High,0.8,High,Adequate,Higher Stability
41,Sales,Sales Executive,0,Mid Career,0,0,0.0,0.7,0.2,0.7,0.3,48,0.27999999999999997,Low,0.5433333333333333,Medium,Needs Development,Higher Stability
28,Research & Development,Laboratory Technician,0,Mid Career,0,3,0.1,0.0,0.2,0.8,0.2,24,0.06,Low,0.22333333333333336,Low,Needs Development,Higher Stability
25,Research & Development,Laboratory Technician,1,Early Career,0,3,0.0,1.0,2.5,1.0,0.16666666666666666,13,0.4,Medium,0.6166666666666667,Medium,Adequate,Higher Stability
52,Research & Development,Manufacturing Director,0,Growth Stage,0,3,0.0,0.8,0.8,0.8,0.10714285714285714,42,0.32000000000000006,Medium,0.5733333333333334,Medium,Adequate,Higher Stability
45,Research & Development,Research Scientist,0,Early Career,0,3,0.0,1.0,1.5,1.0,0.125,21,0.4,Medium,0.65,High,Adequate,Higher Stability
52,Research & Development,Manager,0,Growth Stage,0,3,0.2,0.4,0.4,0.8,0.12903225806451613,52,0.28,Medium,0.44666666666666666,Low,Needs Development,Higher Stability
42,Research & Development,Research Scientist,0,Growth Stage,0,3,0.0,0.8,0.6,0.4,0.10526315789473684,22,0.32000000000000006,Medium,0.5800000000000001,Medium,Adequate,Lower Stability
30,Research & Development,Manufacturing Director,0,Growth Stage,0,3,0.0,0.8,0.4,0.4,0.18181818181818182,40,0.32000000000000006,Medium,0.5866666666666667,Medium,Needs Development,Lower Stability
60,Research & Development,Manager,0,Senior Career,2,0,0.3793103448275862,0.27586206896551724,0.1724137931034483,0.3448275862068966,0.15151515151515152,55,0.33793103448275863,Medium,0.4459770114942529,Low,Needs Development,Lower Stability
46,Research & Development,Manufacturing Director,0,Mid Career,0,0,0.0,0.7,0.5,0.8,0.10526315789473684,28,0.27999999999999997,Low,0.5333333333333333,Medium,Adequate,Higher Stability
42,Research & Development,Healthcare Representative,0,Growth Stage,0,3,0.0,0.8333333333333334,0.6666666666666666,0.6666666666666666,0.2857142857142857,22,0.33333333333333337,Medium,0.5944444444444444,Medium,Adequate,Higher Stability
24,Sales,Sales Representative,1,Growth Stage,0,3,0.2,0.6,0.8,0.8,0.16666666666666666,16,0.36,Medium,0.5333333333333333,Medium,Adequate,Higher Stability
34,Sales,Sales Representative,1,Early Career,0,3,0.5,1.0,1.5,0.0,0.3333333333333333,16,0.7,High,0.7999999999999999,High,Adequate,Lower Stability
38,Research & Development,Laboratory Technician,0,Early Career,1,1,0.0,0.0,3.0,0.0,1.0,23,0.0,Low,0.1,Low,Adequate,Lower Stability
40,Sales,Manager,0,Senior Career,2,0,0.05,0.75,0.1,0.6,0.23809523809523808,70,0.33000000000000007,Medium,0.5866666666666667,Medium,Needs Development,Lower Stability
26,Research & Development,Research Scientist,0,Growth Stage,0,3,0.0,0.6666666666666666,1.0,0.6666666666666666,0.3333333333333333,22,0.26666666666666666,Low,0.5,Medium,Adequate,Higher Stability
30,Research & Development,Laboratory Technician,0,Growth Stage,0,3,0.2,0.6,0.6,0.8,0.1111111111111111,15,0.36,Medium,0.54,Medium,Adequate,Higher Stability
29,Research & Development,Research Director,0,Mid Career,0,3,0.0,0.2,0.2,0.7,0.3,54,0.08000000000000002,Low,0.29333333333333333,Low,Needs Development,Higher Stability
29,Research & Development,Research Scientist,1,Early Career,3,3,0.5,1.0,1.0,0.5,0.16666666666666666,16,0.7,High,0.8166666666666667,High,Adequate,Lower Stability
19,Human Resources,Human Resources,1,Early Career,1,1,0.0,0.0,3.0,0.0,1.0,12,0.0,Low,0.1,Low,Adequate,Lower Stability
30,Sales,Sales Executive,0,Mid Career,2,2,0.7777777777777778,0.8888888888888888,0.3333333333333333,0.8888888888888888,0.3,33,0.8222222222222222,High,0.8666666666666667,High,Needs Development,Higher Stability
57,Sales,Manager,0,Early Career,1,1,0.0,0.0,3.0,0.0,0.125,48,0.0,Low,0.1,Low,Adequate,Lower Stability
50,Research & Development,Manager,0,Senior Career,2,0,0.5555555555555556,0.37037037037037035,0.07407407407407407,0.25925925925925924,0.14285714285714285,60,0.48148148148148145,High,0.5493827160493827,Medium,Needs Development,Lower Stability
30,Research & Development,Laboratory Technician,0,Mid Career,2,0,0.5454545454545454,0.6363636363636364,0.18181818181818182,0.6363636363636364,0.08333333333333333,14,0.5818181818181818,High,0.6757575757575758,High,Needs Development,Lower Stability
60,Sales,Sales Executive,0,Senior Career,2,0,0.7222222222222222,0.7222222222222222,0.2777777777777778,0.6111111111111112,0.13636363636363635,57,0.7222222222222222,High,0.7685185185185185,High,Needs Development,Lower Stability
47,Research & Development,Manufacturing Director,0,Growth Stage,0,3,0.0,0.0,0.4,0.8,0.1,26,0.0,Low,0.18666666666666668,Low,Needs Development,Higher Stability
46,Research & Development,Research Director,0,Growth Stage,0,3,0.0,0.6666666666666666,0.6666666666666666,0.3333333333333333,0.15384615384615385,52,0.26666666666666666,Low,0.5111111111111111,Medium,Adequate,Lower Stability
35,Research & Development,Laboratory Technician,0,Growth Stage,3,2,0.8,0.8,0.4,0.6,0.16666666666666666,15,0.8,High,0.8266666666666667,High,Needs Development,Lower Stability
54,Research & Development,Laboratory Technician,0,Early Career,1,1,0.0,0.0,3.0,0.0,0.10526315789473684,22,0.0,Low,0.1,Low,Adequate,Lower Stability
34,Research & Development,Research Scientist,0,Mid Career,3,2,0.7142857142857143,0.42857142857142855,0.42857142857142855,1.0,0.07142857142857142,12,0.6,High,0.6142857142857143,Medium,Needs Development,Higher Stability
46,Sales,Sales Executive,0,Growth Stage,0,3,0.3333333333333333,0.6666666666666666,1.0,0.6666666666666666,0.2,57,0.4666666666666667,Medium,0.6000000000000001,Medium,Adequate,Higher Stability
31,Research & Development,Manufacturing Director,0,Mid Career,0,0,0.0,0.6153846153846154,0.46153846153846156,0.6153846153846154,0.23076923076923078,75,0.24615384615384617,Low,0.49230769230769234,Medium,Needs Development,Lower Stability
33,Research & Development,Manager,1,Mid Career,3,2,1.0,0.8571428571428571,0.2857142857142857,1.0,0.2,36,0.9428571428571428,High,0.919047619047619,High,Needs Development,Higher Stability
33,Research & Development,Laboratory Technician,1,Growth Stage,0,3,0.25,0.75,0.5,0.75,0.125,13,0.45000000000000007,Medium,0.6333333333333333,Medium,Adequate,Higher Stability
30,Sales,Sales Representative,0,Growth Stage,0,3,0.3333333333333333,0.6666666666666666,1.0,0.6666666666666666,0.25,14,0.4666666666666667,Medium,0.6000000000000001,Medium,Adequate,Higher Stability
35,Research & Development,Healthcare Representative,0,Mid Career,0,3,0.0,0.875,0.25,0.0,0.3,36,0.35000000000000003,Medium,0.6291666666666667,Medium,Needs Development,Lower Stability
31,Research & Development,Healthcare Representative,1,Early Career,1,1,0.0,0.0,2.0,0.0,0.25,36,0.0,Low,0.13333333333333336,Low,Adequate,Lower Stability
34,Human Resources,Human Resources,1,Growth Stage,0,3,0.0,0.6666666666666666,0.6666666666666666,0.6666666666666666,0.2727272727272727,45,0.26666666666666666,Low,0.5111111111111111,Medium,Adequate,Higher Stability
42,Research & Development,Laboratory Technician,0,Early Career,3,2,1.0,1.0,2.0,0.0,0.125,17,1.0,High,0.9333333333333333,High,Adequate,Lower Stability
36,Sales,Sales Executive,0,Mid Career,3,2,0.9,0.3,0.3,0.7,0.3,42,0.66,High,0.6100000000000001,Medium,Needs Development,Higher Stability
22,Research & Development,Laboratory Technician,1,Early Career,3,3,0.5,1.0,1.5,1.0,0.25,16,0.7,High,0.7999999999999999,High,Adequate,Higher Stability
48,Sales,Sales Executive,0,Mid Career,2,2,0.6666666666666666,0.7777777777777778,0.2222222222222222,0.7777777777777778,0.14285714285714285,28,0.711111111111111,High,0.7814814814814814,High,Needs Development,Higher Stability
55,Sales,Manager,0,Mid Career,2,2,0.7,0.9,0.2,0.7,0.10810810810810811,92,0.78,High,0.8533333333333334,High,Needs Development,Higher Stability
41,Sales,Sales Executive,0,Mid Career,0,3,0.07142857142857142,0.21428571428571427,0.21428571428571427,0.7142857142857143,0.125,28,0.12857142857142856,Low,0.3214285714285714,Low,Needs Development,Higher Stability
35,Sales,Sales Executive,0,Mid Career,2,0,0.5454545454545454,0.8181818181818182,0.18181818181818182,0.8181818181818182,0.13333333333333333,22,0.6545454545454545,High,0.7666666666666667,High,Needs Development,Higher Stability
40,Research & Development,Manufacturing Director,0,Senior Career,2,0,0.25,0.3,0.15,0.65,0.18181818181818182,60,0.27,Low,0.42000000000000004,Low,Needs Development,Lower Stability
39,Research & Development,Laboratory Technician,0,Mid Career,0,3,0.0,0.375,0.375,0.875,0.125,11,0.15000000000000002,Low,0.375,Low,Needs Development,Higher Stability
31,Sales,Sales Executive,0,Growth Stage,0,3,0.0,0.8333333333333334,0.3333333333333333,0.8333333333333334,0.2,26,0.33333333333333337,Medium,0.6055555555555556,Medium,Needs Development,Higher Stability
42,Research & Development,Manufacturing Director,0,Mid Career,2,0,0.5,0.9,0.5,0.8,0.3,63,0.66,High,0.7833333333333334,High,Adequate,Higher Stability
45,Sales,Sales Executive,0,Mid Career,0,0,0.375,0.875,0.375,0.875,0.2222222222222222,38,0.575,High,0.7375,High,Needs Development,Higher Stability
26,Human Resources,Human Resources,1,Mid Career,0,3,0.14285714285714285,1.0,0.2857142857142857,0.0,0.125,11,0.4857142857142857,High,0.7333333333333333,High,Needs Development,Lower Stability
29,Research & Development,Manufacturing Director,0,Growth Stage,0,3,0.3333333333333333,0.6666666666666666,0.6666666666666666,0.6666666666666666,0.25,24,0.4666666666666667,Medium,0.6111111111111112,Medium,Adequate,Higher Stability
33,Research & Development,Research Director,0,Growth Stage,0,3,0.0,0.16666666666666666,0.3333333333333333,0.8333333333333334,0.4,76,0.06666666666666667,Low,0.2722222222222222,Low,Needs Development,Higher Stability
31,Sales,Manager,0,Growth Stage,0,3,0.0,0.8,0.6,0.2,0.3,63,0.32000000000000006,Medium,0.5800000000000001,Medium,Adequate,Lower Stability
18,Sales,Sales Representative,1,Early Career,1,1,0.0,0.0,3.0,0.0,1.0,14,0.0,Low,0.1,Low,Adequate,Lower Stability
40,Sales,Sales Executive,0,Early Career,0,3,0.0,0.0,2.0,1.0,0.15,45,0.0,Low,0.13333333333333336,Low,Adequate,Higher Stability
41,Research & Development,Healthcare Representative,0,Mid Career,0,0,0.0,0.875,0.375,0.875,0.2,34,0.35000000000000003,Medium,0.625,Medium,Needs Development,Higher Stability
26,Sales,Sales Executive,0,Early Career,1,1,0.0,0.0,5.0,0.0,0.25,24,0.0,Low,0.03333333333333335,Low,Adequate,Lower Stability
35,Sales,Sales Executive,0,Growth Stage,0,3,0.0,0.8,0.6,0.6,0.4,32,0.32000000000000006,Medium,0.5800000000000001,Medium,Adequate,Lower Stability
34,Sales,Sales Executive,0,Mid Career,2,0,0.5,0.7,0.3,0.7,0.2,24,0.58,High,0.69,High,Needs Development,Higher Stability
26,Research & Development,Laboratory Technician,1,Early Career,1,1,0.0,0.0,3.0,0.0,1.0,18,0.0,Low,0.1,Low,Adequate,Lower Stability
37,Research & Development,Manufacturing Director,0,Growth Stage,0,3,0.16666666666666666,0.8333333333333334,0.5,0.3333333333333333,0.25,51,0.43333333333333335,Medium,0.65,High,Adequate,Lower Stability
46,Research & Development,Healthcare Representative,0,Early Career,3,3,0.5,1.0,1.5,1.0,0.10714285714285714,33,0.7,High,0.7999999999999999,High,Adequate,Higher Stability
41,Sales,Manager,0,Senior Career,2,0,0.6111111111111112,0.8888888888888888,0.1111111111111111,0.4444444444444444,0.18181818181818182,64,0.7222222222222223,High,0.8240740740740741,High,Needs Development,Lower Stability
37,Sales,Sales Executive,0,Mid Career,3,2,0.7777777777777778,0.5555555555555556,0.6666666666666666,0.7777777777777778,0.3333333333333333,39,0.6888888888888889,High,0.6888888888888889,High,Adequate,Higher Stability
52,Research & Development,Research Scientist,0,Mid Career,2,0,0.6,0.9,0.3,0.9,0.1111111111111111,24,0.72,High,0.8200000000000001,High,Needs Development,Higher Stability
32,Sales,Sales Executive,1,Growth Stage,0,3,0.25,0.5,0.5,0.5,0.3333333333333333,24,0.35,Medium,0.5083333333333333,Medium,Adequate,Lower Stability
24,Sales,Sales Representative,0,Early Career,3,2,1.0,1.0,1.5,0.5,0.3333333333333333,13,1.0,High,0.9500000000000001,High,Adequate,Lower Stability
38,Research & Development,Healthcare Representative,0,Early Career,1,1,0.0,0.0,4.0,0.0,0.1111111111111111,38,0.0,Low,0.06666666666666668,Low,Adequate,Lower Stability
37,Research & Development,Manufacturing Director,0,Growth Stage,3,3,0.6666666666666666,0.8333333333333334,0.3333333333333333,0.5,0.25,24,0.7333333333333334,High,0.8055555555555556,High,Needs Development,Lower Stability
49,Research & Development,Research Director,0,Senior Career,2,0,0.0,0.2903225806451613,0.16129032258064516,0.2903225806451613,0.16129032258064516,85,0.11612903225806454,Low,0.3397849462365592,Low,Needs Development,Lower Stability
24,Research & Development,Research Scientist,0,Growth Stage,0,3,0.16666666666666666,0.8333333333333334,0.5,0.6666666666666666,0.16666666666666666,11,0.43333333333333335,Medium,0.65,High,Adequate,Higher Stability
26,Sales,Sales Executive,0,Growth Stage,0,3,0.2,0.6,1.0,0.8,0.3333333333333333,40,0.36,Medium,0.5266666666666666,Medium,Adequate,Higher Stability
24,Research & Development,Laboratory Technician,0,Early Career,1,1,0.0,0.0,2.0,0.0,1.0,21,0.0,Low,0.13333333333333336,Low,Adequate,Lower Stability
50,Human Resources,Manager,0,Senior Career,2,0,0.3125,0.15625,0.0625,0.21875,0.15625,55,0.25,Low,0.3697916666666667,Low,Needs Development,Lower Stability
25,Sales,Sales Representative,0,Mid Career,0,3,0.0,0.5714285714285714,0.14285714285714285,0.8571428571428571,0.14285714285714285,11,0.22857142857142856,Low,0.4809523809523809,Low,Needs Development,Higher Stability
24,Research & Development,Laboratory Technician,1,Growth Stage,0,3,0.16666666666666666,0.5,0.6666666666666666,0.3333333333333333,0.16666666666666666,16,0.3,Medium,0.47777777777777775,Low,Adequate,Lower Stability
30,Sales,Sales Representative,1,Early Career,1,1,0.0,0.0,2.0,0.0,1.0,18,0.0,Low,0.13333333333333336,Low,Adequate,Lower Stability
34,Research & Development,Research Scientist,0,Growth Stage,0,3,0.16666666666666666,0.8333333333333334,0.5,0.5,0.16666666666666666,13,0.43333333333333335,Medium,0.65,High,Adequate,Lower Stability
31,Sales,Sales Executive,1,Growth Stage,0,3,0.3333333333333333,0.3333333333333333,0.6666666666666666,0.6666666666666666,0.2222222222222222,34,0.3333333333333333,Medium,0.4444444444444444,Low,Adequate,Higher Stability
35,Research & Development,Laboratory Technician,0,Growth Stage,0,3,0.0,0.6666666666666666,1.0,0.6666666666666666,0.2222222222222222,28,0.26666666666666666,Low,0.5,Medium,Adequate,Higher Stability
31,Sales,Sales Executive,0,Mid Career,3,0,0.7142857142857143,1.0,0.5714285714285714,1.0,0.15384615384615385,44,0.8285714285714285,High,0.8952380952380952,High,Adequate,Higher Stability
27,Research & Development,Research Scientist,0,Growth Stage,0,3,0.0,0.6,1.0,0.6,0.16666666666666666,12,0.24,Low,0.4666666666666667,Low,Adequate,Lower Stability
37,Sales,Sales Executive,0,Growth Stage,1,1,0.3333333333333333,0.0,1.0,0.0,0.11764705882352941,22,0.19999999999999998,Low,0.26666666666666666,Low,Adequate,Lower Stability
20,Research & Development,Research Scientist,0,Early Career,1,1,0.0,0.0,0.0,0.0,1.0,13,0.0,Low,0.2,Low,Needs Development,Lower Stability
42,Research & Development,Healthcare Representative,0,Mid Career,0,3,0.2,0.2,0.4,0.2,0.2,26,0.2,Low,0.3466666666666667,Low,Needs Development,Lower Stability
43,Research & Development,Research Director,0,Early Career,1,1,0.0,0.0,3.0,0.0,0.19047619047619047,56,0.0,Low,0.1,Low,Adequate,Lower Stability
38,Research & Development,Research Scientist,0,Early Career,1,1,0.0,0.0,3.0,0.0,0.125,17,0.0,Low,0.1,Low,Adequate,Lower Stability
43,Research & Development,Laboratory Technician,0,Mid Career,3,0,0.5,0.875,0.375,0.875,0.2,26,0.65,High,0.775,High,Needs Development,Higher Stability
48,Research & Development,Manager,0,Growth Stage,0,3,0.0,0.6666666666666666,1.0,0.6666666666666666,0.19047619047619047,44,0.26666666666666666,Low,0.5,Medium,Adequate,Higher Stability
44,Human Resources,Human Resources,0,Early Career,0,3,0.0,1.0,0.5,1.0,0.2,22,0.4,Medium,0.6833333333333333,High,Adequate,Higher Stability
34,Sales,Sales Representative,0,Mid Career,0,3,0.0,0.25,0.375,0.75,0.125,18,0.1,Low,0.3125,Low,Needs Development,Higher Stability
27,Sales,Sales Representative,1,Growth Stage,0,3,0.0,0.75,0.75,0.5,0.2,11,0.30000000000000004,Medium,0.55,Medium,Adequate,Lower Stability
21,Sales,Sales Representative,0,Growth Stage,0,3,0.3333333333333333,0.6666666666666666,0.6666666666666666,0.6666666666666666,0.3333333333333333,11,0.4666666666666667,Medium,0.6111111111111112,Medium,Adequate,Higher Stability
44,Research & Development,Manager,0,Early Career,0,3,0.0,1.0,1.0,0.5,0.19230769230769232,60,0.4,Medium,0.6666666666666667,High,Adequate,Lower Stability
22,Research & Development,Research Scientist,0,Early Career,3,2,1.0,1.0,1.5,1.0,0.3333333333333333,20,1.0,High,0.9500000000000001,High,Adequate,Higher Stability
33,Sales,Sales Executive,0,Growth Stage,0,3,0.2,0.0,0.6,0.4,0.3333333333333333,24,0.12,Low,0.24000000000000002,Low,Adequate,Lower Stability
32,Research & Development,Research Scientist,0,Growth Stage,0,3,0.0,0.6666666666666666,0.3333333333333333,0.8333333333333334,0.3333333333333333,24,0.26666666666666666,Low,0.5222222222222221,Medium,Needs Development,Higher Stability
30,Research & Development,Research Scientist,0,Early Career,1,1,0.0,0.0,2.0,0.0,1.0,20,0.0,Low,0.13333333333333336,Low,Adequate,Lower Stability
53,Sales,Sales Executive,0,Mid Career,2,0,0.5714285714285714,0.5,0.14285714285714285,0.7142857142857143,0.1111111111111111,40,0.5428571428571428,High,0.6166666666666666,Medium,Needs Development,Higher Stability
34,Research & Development,Research Scientist,0,Mid Career,2,2,0.8,0.9,0.4,0.8,0.1,12,0.8400000000000001,High,0.8766666666666667,High,Needs Development,Higher Stability
45,Sales,Sales Executive,1,Early Career,1,1,0.0,1.0,4.0,0.0,0.4,28,0.4,Medium,0.5666666666666667,Medium,Adequate,Lower Stability
26,Research & Development,Laboratory Technician,0,Growth Stage,0,3,0.0,0.6666666666666666,0.6666666666666666,0.6666666666666666,0.3333333333333333,13,0.26666666666666666,Low,0.5111111111111111,Medium,Adequate,Higher Stability
37,Research & Development,Manufacturing Director,0,Mid Career,2,2,0.7,0.7,0.2,0.8,0.3,45,0.7,High,0.7533333333333333,High,Needs Development,Higher Stability
29,Sales,Sales Executive,0,Growth Stage,0,3,0.16666666666666666,0.0,0.8333333333333334,0.3333333333333333,0.3333333333333333,28,0.09999999999999999,Low,0.22222222222222224,Low,Adequate,Lower Stability
35,Research & Development,Research Scientist,0,Senior Career,2,0,0.6470588235294118,0.6470588235294118,0.17647058823529413,0.47058823529411764,0.11764705882352941,26,0.6470588235294118,High,0.711764705882353,High,Needs Development,Lower Stability
33,Research & Development,Healthcare Representative,0,Mid Career,2,0,0.3076923076923077,0.8461538461538461,0.15384615384615385,0.5384615384615384,0.13333333333333333,46,0.5230769230769231,High,0.7102564102564102,High,Needs Development,Lower Stability
54,Human Resources,Human Resources,0,Mid Career,3,3,0.7777777777777778,0.7777777777777778,0.1111111111111111,0.1111111111111111,0.1875,45,0.7777777777777778,High,0.8185185185185185,High,Needs Development,Lower Stability
36,Research & Development,Manufacturing Director,0,Growth Stage,0,3,0.0,0.6666666666666666,0.6666666666666666,0.6666666666666666,0.15384615384615385,22,0.26666666666666666,Low,0.5111111111111111,Medium,Adequate,Higher Stability
27,Research & Development,Research Scientist,0,Growth Stage,0,3,0.25,0.5,0.0,0.25,0.2,13,0.35,Medium,0.5249999999999999,Medium,Needs Development,Lower Stability
20,Research & Development,Research Scientist,1,Early Career,1,1,1.0,0.0,5.0,1.0,1.0,11,0.6,High,0.3333333333333333,Low,Adequate,Higher Stability
33,Research & Development,Research Scientist,1,Mid Career,2,2,0.9,0.8,0.3,0.7,0.1,11,0.8600000000000001,High,0.8600000000000001,High,Needs Development,Higher Stability
35,Research & Development,Laboratory Technician,0,Early Career,1,1,0.0,0.0,3.0,0.0,1.0,18,0.0,Low,0.1,Low,Adequate,Lower Stability
23,Research & Development,Research Scientist,0,Growth Stage,0,3,0.0,0.6666666666666666,1.0,0.6666666666666666,0.2,16,0.26666666666666666,Low,0.5,Medium,Adequate,Higher Stability
25,Sales,Sales Executive,0,Growth Stage,0,3,0.3333333333333333,0.6666666666666666,1.3333333333333333,0.6666666666666666,0.5,44,0.4666666666666667,Medium,0.5888888888888889,Medium,Adequate,Higher Stability
38,Sales,Sales Executive,0,Mid Career,0,0,0.0,1.0,0.2857142857142857,0.7142857142857143,0.25,40,0.4,Medium,0.6904761904761905,High,Needs Development,Higher Stability
29,Research & Development,Research Scientist,0,Mid Career,0,0,0.2,0.7,0.5,0.8,0.1,18,0.39999999999999997,Medium,0.5933333333333333,Medium,Adequate,Higher Stability
48,Sales,Sales Executive,0,Early Career,3,2,1.0,1.0,1.5,1.0,0.16666666666666666,24,1.0,High,0.9500000000000001,High,Adequate,Higher Stability
27,Sales,Sales Executive,0,Growth Stage,0,3,0.0,0.8333333333333334,0.5,0.6666666666666666,0.3333333333333333,40,0.33333333333333337,Medium,0.6000000000000001,Medium,Adequate,Higher Stability
37,Research & Development,Research Scientist,0,Early Career,1,1,0.0,0.0,2.0,0.0,0.25,17,0.0,Low,0.13333333333333336,Low,Adequate,Lower Stability
50,Research & Development,Laboratory Technician,0,Senior Career,2,0,0.15,0.4,0.15,0.4,0.05,11,0.25,Low,0.44,Low,Needs Development,Lower Stability
34,Research & Development,Healthcare Representative,0,Mid Career,3,2,0.875,0.875,0.375,0.875,0.3333333333333333,42,0.875,High,0.8875,High,Needs Development,Higher Stability
24,Sales,Sales Executive,1,Early Career,3,2,1.0,1.0,1.5,0.0,0.5,28,1.0,High,0.9500000000000001,High,Adequate,Lower Stability
39,Research & Development,Healthcare Representative,0,Senior Career,2,0,0.55,0.35,0.2,0.5,0.1,22,0.47,High,0.5333333333333333,Medium,Needs Development,Lower Stability
32,Sales,Sales Executive,0,Mid Career,0,0,0.0,0.7,0.2,0.8,0.2,24,0.27999999999999997,Low,0.5433333333333333,Medium,Needs Development,Higher Stability
50,Sales,Sales Executive,1,Growth Stage,0,3,0.25,0.75,1.0,0.75,0.1111111111111111,28,0.45000000000000007,Medium,0.6166666666666667,Medium,Adequate,Higher Stability
38,Research & Development,Healthcare Representative,0,Mid Career,0,0,0.1111111111111111,0.7777777777777778,0.4444444444444444,0.8888888888888888,0.2,26,0.37777777777777777,Medium,0.6074074074074074,Medium,Needs Development,Higher Stability
27,Research & Development,Manufacturing Director,0,Mid Career,0,0,0.0,0.7777777777777778,0.3333333333333333,0.7777777777777778,0.3333333333333333,33,0.3111111111111111,Medium,0.5777777777777777,Medium,Needs Development,Higher Stability
32,Research & Development,Research Director,0,Mid Career,3,2,1.0,1.0,0.8571428571428571,1.0,0.3,45,1.0,High,0.9714285714285715,High,Adequate,Higher Stability
47,Sales,Sales Executive,0,Mid Career,0,0,0.14285714285714285,1.0,0.2857142857142857,1.0,0.1,24,0.4857142857142857,High,0.7333333333333333,High,Needs Development,Higher Stability
40,Sales,Sales Executive,0,Senior Career,2,0,0.05555555555555555,0.7222222222222222,0.1111111111111111,0.6666666666666666,0.15,63,0.32222222222222224,Medium,0.5740740740740741,Medium,Needs Development,Higher Stability
53,Research & Development,Research Director,0,Growth Stage,0,3,0.2,0.2,0.6,0.6,0.125,76,0.2,Low,0.34,Low,Adequate,Lower Stability
41,Human Resources,Manager,0,Senior Career,2,0,0.5714285714285714,0.2857142857142857,0.09523809523809523,0.2857142857142857,0.21739130434782608,75,0.4571428571428571,Medium,0.5111111111111111,Medium,Needs Development,Lower Stability
60,Sales,Sales Executive,0,Early Career,3,2,1.0,1.0,0.5,1.0,0.2,28,1.0,High,0.9833333333333334,High,Adequate,Higher Stability
27,Research & Development,Manufacturing Director,0,Mid Career,0,0,0.1111111111111111,0.7777777777777778,0.4444444444444444,0.7777777777777778,0.3333333333333333,63,0.37777777777777777,Medium,0.6074074074074074,Medium,Needs Development,Higher Stability
41,Human Resources,Manager,0,Senior Career,2,0,0.09090909090909091,0.3181818181818182,0.13636363636363635,0.45454545454545453,0.22727272727272727,60,0.18181818181818182,Low,0.38181818181818183,Low,Needs Development,Lower Stability
50,Sales,Sales Representative,0,Early Career,3,2,1.0,1.0,1.0,1.0,0.25,15,1.0,High,0.9666666666666668,High,Adequate,Higher Stability
28,Research & Development,Research Scientist,1,Mid Career,3,0,0.42857142857142855,1.0,0.5714285714285714,1.0,0.1,13,0.6571428571428571,High,0.8095238095238095,High,Adequate,Higher Stability
36,Research & Development,Research Director,0,Mid Career,0,0,0.0,0.875,0.25,0.625,0.3,42,0.35000000000000003,Medium,0.6291666666666667,Medium,Needs Development,Lower Stability
38,Research & Development,Manufacturing Director,0,Early Career,1,1,0.0,0.0,4.0,0.0,0.3,42,0.0,Low,0.06666666666666668,Low,Adequate,Lower Stability
44,Research & Development,Laboratory Technician,0,Growth Stage,0,3,0.2,0.4,1.0,0.8,0.1111111111111111,14,0.28,Medium,0.4266666666666667,Low,Adequate,Higher Stability
47,Sales,Sales Executive,0,Senior Career,2,0,0.5,0.09090909090909091,0.09090909090909091,0.5909090909090909,0.14285714285714285,48,0.33636363636363636,Medium,0.39242424242424245,Low,Needs Development,Lower Stability
30,Sales,Sales Executive,0,Mid Career,3,2,0.875,0.875,0.25,0.875,0.2,46,0.875,High,0.8916666666666666,High,Needs Development,Higher Stability
29,Sales,Sales Representative,0,Early Career,1,1,0.0,0.0,6.0,0.0,1.0,11,0.0,Low,0.0,Low,Adequate,Lower Stability
42,Research & Development,Research Scientist,1,Early Career,3,2,1.0,1.0,1.0,1.0,0.14285714285714285,12,1.0,High,0.9666666666666668,High,Adequate,Higher Stability
43,Sales,Sales Executive,0,Early Career,3,2,1.0,1.0,2.5,1.0,0.2857142857142857,36,1.0,High,0.9166666666666667,High,Adequate,Higher Stability
34,Research & Development,Healthcare Representative,0,Growth Stage,3,2,0.8,0.2,0.4,0.6,0.2,22,0.56,High,0.5266666666666667,Medium,Needs Development,Lower Stability
23,Research & Development,Laboratory Technician,0,Growth Stage,0,3,0.0,0.75,0.5,0.5,0.2,14,0.30000000000000004,Medium,0.5583333333333333,Medium,Adequate,Lower Stability
39,Human Resources,Human Resources,0,Mid Career,0,3,0.375,0.375,0.375,0.75,0.16666666666666666,30,0.375,Medium,0.4875,Low,Needs Development,Higher Stability
56,Research & Development,Healthcare Representative,0,Mid Career,0,3,0.1,0.7,0.1,0.1,0.13333333333333333,44,0.33999999999999997,Medium,0.5766666666666667,Medium,Needs Development,Lower Stability
40,Research & Development,Research Scientist,0,Growth Stage,0,2,0.5,0.5,0.5,0.75,0.2,20,0.5,High,0.5833333333333334,Medium,Adequate,Higher Stability
27,Research & Development,Healthcare Representative,0,Mid Career,0,0,0.0,0.8571428571428571,0.2857142857142857,1.0,0.2222222222222222,38,0.34285714285714286,Medium,0.6190476190476191,Medium,Needs Development,Higher Stability
29,Sales,Sales Representative,0,Early Career,3,2,1.0,1.0,1.0,1.0,0.5,14,1.0,High,0.9666666666666668,High,Adequate,Higher Stability
53,Research & Development,Laboratory Technician,0,Early Career,3,2,1.0,1.0,2.0,1.0,0.10526315789473684,34,1.0,High,0.9333333333333333,High,Adequate,Higher Stability
35,Research & Development,Healthcare Representative,0,Early Career,1,1,0.0,0.0,2.0,0.0,0.125,22,0.0,Low,0.13333333333333336,Low,Adequate,Lower Stability
32,Research & Development,Laboratory Technician,0,Mid Career,2,0,0.4,0.8,0.2,0.7,0.2,30,0.56,High,0.7133333333333334,High,Needs Development,Higher Stability
38,Research & Development,Research Scientist,0,Early Career,0,3,0.0,0.0,0.0,1.0,0.16666666666666666,13,0.0,Low,0.2,Low,Needs Development,Higher Stability
34,Research & Development,Manufacturing Director,0,Early Career,1,1,0.0,0.0,3.0,0.0,0.2857142857142857,28,0.0,Low,0.1,Low,Adequate,Lower Stability
52,Sales,Manager,0,Senior Career,2,0,0.029411764705882353,0.17647058823529413,0.08823529411764706,0.47058823529411764,0.11764705882352941,44,0.08823529411764708,Low,0.2941176470588236,Low,Needs Development,Lower Stability
33,Research & Development,Research Scientist,1,Mid Career,2,2,0.7,0.9,0.2,0.8,0.1,13,0.78,High,0.8533333333333334,High,Needs Development,Higher Stability
25,Sales,Sales Executive,0,Growth Stage,0,3,0.16666666666666666,0.8333333333333334,0.8333333333333334,0.6666666666666666,0.3333333333333333,46,0.43333333333333335,Medium,0.638888888888889,Medium,Adequate,Higher Stability
45,Sales,Sales Representative,0,Mid Career,0,3,0.375,0.875,0.375,0.125,0.2222222222222222,26,0.575,High,0.7375,High,Needs Development,Lower Stability
23,Research & Development,Research Scientist,0,Early Career,0,3,0.0,1.0,1.5,1.0,0.5,18,0.4,Medium,0.65,High,Adequate,Higher Stability
47,Sales,Sales Executive,1,Growth Stage,0,3,0.2,0.8,0.4,0.6,0.25,24,0.44000000000000006,Medium,0.6466666666666667,High,Needs Development,Lower Stability
34,Sales,Sales Executive,0,Growth Stage,0,3,0.16666666666666666,0.8333333333333334,0.8333333333333334,0.6666666666666666,0.3333333333333333,44,0.43333333333333335,Medium,0.638888888888889,Medium,Adequate,Higher Stability
55,Research & Development,Manager,1,Growth Stage,0,3,0.2,0.4,0.4,0.8,0.20833333333333334,65,0.28,Medium,0.44666666666666666,Low,Needs Development,Higher Stability
36,Sales,Sales Executive,0,Mid Career,0,0,0.0,0.7,0.1,0.9,0.3,45,0.27999999999999997,Low,0.5466666666666666,Medium,Needs Development,Higher Stability
52,Research & Development,Research Scientist,0,Growth Stage,0,3,0.25,0.75,0.75,0.5,0.2,18,0.45000000000000007,Medium,0.625,Medium,Adequate,Lower Stability
26,Research & Development,Laboratory Technician,0,Early Career,3,2,1.0,1.0,1.0,0.0,0.2,14,1.0,High,0.9666666666666668,High,Adequate,Lower Stability
29,Research & Development,Healthcare Representative,0,Mid Career,0,3,0.125,0.875,0.375,0.125,0.18181818181818182,24,0.42500000000000004,Medium,0.6625000000000001,High,Needs Development,Lower Stability
26,Sales,Sales Executive,1,Growth Stage,0,3,0.25,0.75,0.5,0.5,0.3333333333333333,34,0.45000000000000007,Medium,0.6333333333333333,Medium,Adequate,Lower Stability
34,Research & Development,Research Scientist,0,Growth Stage,0,3,0.25,0.5,0.5,0.75,0.1,16,0.35,Medium,0.5083333333333333,Medium,Adequate,Higher Stability
54,Research & Development,Manufacturing Director,0,Growth Stage,0,3,0.2,0.6,0.8,0.8,0.2222222222222222,22,0.36,Medium,0.5333333333333333,Medium,Adequate,Higher Stability
27,Sales,Sales Executive,0,Growth Stage,0,3,0.25,0.5,0.75,0.25,0.4,38,0.35,Medium,0.5,Medium,Adequate,Lower Stability
37,Research & Development,Research Scientist,0,Growth Stage,3,2,0.8,0.6,0.6,0.6,0.16666666666666666,13,0.72,High,0.7200000000000001,High,Adequate,Lower Stability
38,Research & Development,Manufacturing Director,0,Senior Career,2,0,0.26666666666666666,0.4666666666666667,0.13333333333333333,0.8,0.11764705882352941,24,0.3466666666666667,Medium,0.508888888888889,Medium,Needs Development,Higher Stability
34,Research & Development,Research Scientist,0,Growth Stage,0,3,0.16666666666666666,0.8333333333333334,0.5,0.5,0.16666666666666666,11,0.43333333333333335,Medium,0.65,High,Adequate,Lower Stability
35,Sales,Sales Representative,0,Growth Stage,0,3,0.0,0.6666666666666666,0.3333333333333333,0.6666666666666666,0.3333333333333333,16,0.26666666666666666,Low,0.5222222222222221,Medium,Needs Development,Higher Stability
30,Research & Development,Laboratory Technician,0,Early Career,0,3,0.0,1.0,1.0,1.0,0.14285714285714285,21,0.4,Medium,0.6666666666666667,High,Adequate,Higher Stability
40,Research & Development,Healthcare Representative,0,Mid Career,0,0,0.375,0.875,0.25,0.875,0.25,48,0.575,High,0.7416666666666667,High,Needs Development,Higher Stability
34,Sales,Sales Executive,0,Growth Stage,0,3,0.3333333333333333,0.6666666666666666,0.3333333333333333,0.6666666666666666,0.3333333333333333,34,0.4666666666666667,Medium,0.6222222222222222,Medium,Needs Development,Higher Stability
42,Research & Development,Manager,0,Senior Career,2,0,0.5833333333333334,0.2916666666666667,0.16666666666666666,0.375,0.20833333333333334,65,0.46666666666666673,High,0.5152777777777778,Medium,Needs Development,Lower Stability
23,Research & Development,Laboratory Technician,1,Early Career,1,1,0.0,0.0,2.0,0.0,1.0,21,0.0,Low,0.13333333333333336,Low,Adequate,Lower Stability
24,Research & Development,Laboratory Technician,0,Early Career,1,1,0.0,0.0,4.0,0.0,1.0,11,0.0,Low,0.06666666666666668,Low,Adequate,Lower Stability
52,Research & Development,Laboratory Technician,0,Growth Stage,0,3,0.2,0.4,0.6,0.8,0.2222222222222222,40,0.28,Medium,0.44000000000000006,Low,Adequate,Higher Stability
50,Research & Development,Research Director,0,Growth Stage,0,3,0.0,0.75,0.75,0.75,0.13333333333333333,64,0.30000000000000004,Medium,0.55,Medium,Adequate,Higher Stability
29,Research & Development,Laboratory Technician,1,Early Career,1,1,0.0,0.0,1.0,0.0,1.0,11,0.0,Low,0.16666666666666669,Low,Adequate,Lower Stability
33,Research & Development,Research Director,0,Mid Career,2,0,0.23076923076923078,0.6923076923076923,0.23076923076923078,0.5384615384615384,0.21428571428571427,33,0.4153846153846154,Medium,0.6076923076923076,Medium,Needs Development,Lower Stability
33,Sales,Sales Executive,1,Growth Stage,0,3,0.0,0.6666666666666666,1.0,0.6666666666666666,0.3333333333333333,30,0.26666666666666666,Low,0.5,Medium,Adequate,Higher Stability
47,Research & Development,Manager,0,Senior Career,2,0,0.11538461538461539,0.5384615384615384,0.11538461538461539,0.0,0.15384615384615385,44,0.2846153846153846,Medium,0.5,Medium,Needs Development,Lower Stability
36,Research & Development,Manufacturing Director,0,Mid Career,0,0,0.0,0.7777777777777778,0.2222222222222222,0.5555555555555556,0.2,30,0.3111111111111111,Medium,0.5814814814814815,Medium,Needs Development,Lower Stability
29,Research & Development,Research Scientist,0,Mid Career,0,0,0.0,0.7,0.3,0.7,0.1,24,0.27999999999999997,Low,0.54,Medium,Needs Development,Higher Stability
58,Research & Development,Research Director,1,Senior Career,2,0,0.41935483870967744,0.4838709677419355,0.06451612903225806,0.25806451612903225,0.125,60,0.44516129032258067,Medium,0.5655913978494624,Medium,Needs Development,Lower Stability
35,Research & Development,Research Scientist,0,Early Career,3,2,1.0,1.0,0.0,1.0,0.14285714285714285,13,1.0,High,1.0,High,Needs Development,Higher Stability
42,Research & Development,Manufacturing Director,0,Growth Stage,0,3,0.0,0.75,1.0,0.5,0.25,26,0.30000000000000004,Medium,0.5416666666666667,Medium,Adequate,Lower Stability
28,Research & Development,Research Scientist,1,Early Career,3,2,1.0,1.0,1.5,0.5,0.2,17,1.0,High,0.9500000000000001,High,Adequate,Lower Stability
36,Human Resources,Human Resources,0,Growth Stage,0,3,0.0,0.4,0.4,0.8,0.125,13,0.16000000000000003,Low,0.3866666666666667,Low,Needs Development,Higher Stability
32,Research & Development,Manufacturing Director,0,Mid Career,2,0,0.42857142857142855,0.9285714285714286,0.21428571428571427,0.5714285714285714,0.14285714285714285,24,0.6285714285714286,High,0.7857142857142857,High,Needs Development,Lower Stability
40,Research & Development,Laboratory Technician,0,Early Career,1,1,0.0,0.0,6.0,0.0,0.2,28,0.0,Low,0.0,Low,Adequate,Lower Stability
30,Research & Development,Manufacturing Director,0,Early Career,1,1,0.0,0.0,4.0,0.0,0.16666666666666666,48,0.0,Low,0.06666666666666668,Low,Adequate,Lower Stability
45,Research & Development,Research Scientist,0,Early Career,1,1,0.0,0.0,3.0,0.0,1.0,14,0.0,Low,0.1,Low,Adequate,Lower Stability
42,Research & Development,Manufacturing Director,0,Mid Career,2,2,0.7777777777777778,0.8888888888888888,0.3333333333333333,0.8888888888888888,0.2,26,0.8222222222222222,High,0.8666666666666667,High,Needs Development,Higher Stability
38,Research & Development,Healthcare Representative,0,Growth Stage,0,3,0.25,0.75,0.75,0.5,0.15384615384615385,30,0.45000000000000007,Medium,0.625,Medium,Adequate,Lower Stability
34,Research & Development,Research Scientist,0,Growth Stage,0,3,0.2,0.4,0.6,0.6,0.16666666666666666,16,0.28,Medium,0.44000000000000006,Low,Adequate,Lower Stability
49,Sales,Sales Executive,1,Mid Career,2,2,0.7777777777777778,0.8888888888888888,0.3333333333333333,0.7777777777777778,0.3333333333333333,54,0.8222222222222222,High,0.8666666666666667,High,Needs Development,Higher Stability
55,Sales,Sales Executive,1,Mid Career,3,3,0.7777777777777778,0.7777777777777778,0.3333333333333333,0.3333333333333333,0.16666666666666666,32,0.7777777777777778,High,0.8111111111111111,High,Needs Development,Lower Stability
43,Research & Development,Research Director,0,Growth Stage,0,3,0.25,0.25,0.75,0.0,0.18181818181818182,96,0.25,Low,0.375,Low,Adequate,Lower Stability
27,Research & Development,Research Director,0,Mid Career,0,0,0.0,0.8888888888888888,0.3333333333333333,0.8888888888888888,0.3333333333333333,48,0.35555555555555557,Medium,0.6333333333333333,Medium,Needs Development,Higher Stability
35,Research & Development,Manufacturing Director,0,Mid Career,0,3,0.125,0.625,0.375,0.75,0.17647058823529413,63,0.325,Medium,0.5375,Medium,Needs Development,Higher Stability
28,Sales,Sales Executive,0,Mid Career,3,2,0.875,0.875,0.25,0.625,0.25,40,0.875,High,0.8916666666666666,High,Needs Development,Lower Stability
34,Human Resources,Human Resources,0,Growth Stage,0,3,0.0,0.6666666666666666,0.3333333333333333,0.6666666666666666,0.25,19,0.26666666666666666,Low,0.5222222222222221,Medium,Needs Development,Higher Stability
26,Research & Development,Research Scientist,1,Mid Career,0,0,0.125,0.875,0.25,0.875,0.125,14,0.42500000000000004,Medium,0.6666666666666667,High,Needs Development,Higher Stability
27,Research & Development,Research Scientist,0,Early Career,1,1,0.0,0.0,6.0,0.0,1.0,11,0.0,Low,0.0,Low,Adequate,Lower Stability
51,Sales,Manager,0,Senior Career,2,0,0.2,0.3,0.1,0.85,0.13793103448275862,56,0.24,Low,0.4066666666666666,Low,Needs Development,Higher Stability
44,Research & Development,Healthcare Representative,0,Growth Stage,0,3,0.4,0.4,0.4,0.6,0.2,24,0.4,Medium,0.5066666666666667,Medium,Needs Development,Lower Stability
25,Research & Development,Research Scientist,0,Growth Stage,0,3,0.0,0.75,0.75,0.25,0.16666666666666666,13,0.30000000000000004,Medium,0.55,Medium,Adequate,Lower Stability
33,Sales,Sales Executive,0,Mid Career,0,0,0.0,0.8888888888888888,0.5555555555555556,0.8888888888888888,0.2222222222222222,44,0.35555555555555557,Medium,0.6259259259259259,Medium,Adequate,Higher Stability
35,Research & Development,Research Scientist,0,Growth Stage,0,3,0.16666666666666666,0.8333333333333334,0.5,0.16666666666666666,0.16666666666666666,11,0.43333333333333335,Medium,0.65,High,Adequate,Lower Stability
36,Sales,Sales Executive,0,Senior Career,2,0,0.2222222222222222,0.7777777777777778,0.05555555555555555,0.6111111111111112,0.1111111111111111,28,0.4444444444444444,Medium,0.6537037037037037,High,Needs Development,Lower Stability
32,Sales,Sales Executive,0,Growth Stage,0,3,0.0,0.4,0.6,0.6,0.25,22,0.16000000000000003,Low,0.38,Low,Adequate,Lower Stability
30,Research & Development,Research Scientist,0,Growth Stage,0,3,0.0,0.8,0.6,0.6,0.1,12,0.32000000000000006,Medium,0.5800000000000001,Medium,Adequate,Lower Stability
53,Sales,Sales Executive,0,Growth Stage,0,3,0.0,0.4,0.6,0.8,0.08571428571428572,54,0.16000000000000003,Low,0.38,Low,Adequate,Higher Stability
45,Sales,Sales Executive,0,Growth Stage,0,3,0.0,0.8,0.4,0.4,0.16666666666666666,36,0.32000000000000006,Medium,0.5866666666666667,Medium,Needs Development,Lower Stability
32,Research & Development,Research Scientist,0,Growth Stage,0,3,0.2,0.6,0.6,0.6,0.2222222222222222,24,0.36,Medium,0.54,Medium,Adequate,Lower Stability
52,Research & Development,Manufacturing Director,0,Mid Career,0,3,0.0,0.8888888888888888,0.3333333333333333,0.0,0.12903225806451613,88,0.35555555555555557,Medium,0.6333333333333333,Medium,Needs Development,Lower Stability
37,Sales,Sales Executive,0,Early Career,1,1,0.0,0.0,2.0,0.0,0.2222222222222222,38,0.0,Low,0.13333333333333336,Low,Adequate,Lower Stability
28,Human Resources,Human Resources,0,Growth Stage,0,3,0.0,0.2,1.2,0.8,0.16666666666666666,13,0.08000000000000002,Low,0.26,Low,Adequate,Higher Stability
22,Research & Development,Manufacturing Director,0,Early Career,3,2,1.0,1.0,1.0,1.0,0.5,44,1.0,High,0.9666666666666668,High,Adequate,Higher Stability
44,Research & Development,Laboratory Technician,0,Growth Stage,0,3,0.0,0.6666666666666666,0.6666666666666666,0.6666666666666666,0.1,24,0.26666666666666666,Low,0.5111111111111111,Medium,Adequate,Higher Stability
42,Research & Development,Research Scientist,0,Early Career,3,2,1.0,0.5,1.0,1.0,0.125,14,0.8,High,0.7166666666666668,High,Adequate,Higher Stability
36,Human Resources,Human Resources,0,Growth Stage,0,3,0.0,0.8,0.6,0.6,0.16666666666666666,21,0.32000000000000006,Medium,0.5800000000000001,Medium,Adequate,Lower Stability
25,Sales,Sales Executive,0,Growth Stage,0,3,0.0,0.6,0.6,0.6,0.4,36,0.24,Low,0.48,Low,Adequate,Lower Stability
35,Research & Development,Manufacturing Director,0,Senior Career,2,0,0.29411764705882354,0.8235294117647058,0.11764705882352941,0.8823529411764706,0.17647058823529413,60,0.5058823529411764,High,0.696078431372549,High,Needs Development,Higher Stability
35,Research & Development,Research Scientist,1,Mid Career,3,2,0.7,0.2,0.3,0.8,0.1,19,0.5,High,0.5,Medium,Needs Development,Higher Stability
32,Research & Development,Laboratory Technician,0,Growth Stage,0,3,0.0,0.0,0.6666666666666666,0.6666666666666666,0.25,12,0.0,Low,0.17777777777777778,Low,Adequate,Higher Stability
25,Sales,Sales Executive,0,Growth Stage,0,3,0.0,0.4,0.2,0.6,0.4,24,0.16000000000000003,Low,0.39333333333333337,Low,Needs Development,Lower Stability
49,Research & Development,Research Scientist,0,Growth Stage,0,3,0.0,0.5,0.5,0.5,0.14285714285714285,16,0.2,Low,0.43333333333333335,Low,Adequate,Lower Stability
24,Research & Development,Laboratory Technician,0,Growth Stage,3,2,0.6,0.4,0.4,0.8,0.16666666666666666,17,0.52,High,0.5666666666666667,Medium,Needs Development,Higher Stability
32,Sales,Sales Executive,0,Mid Career,2,3,0.5,0.8,0.3,0.3,0.2,28,0.6200000000000001,High,0.74,High,Needs Development,Lower Stability
38,Sales,Sales Representative,0,Early Career,3,3,0.5,1.0,1.5,1.0,0.3333333333333333,19,0.7,High,0.7999999999999999,High,Adequate,Higher Stability
42,Research & Development,Laboratory Technician,0,Growth Stage,0,3,0.2,0.6,0.2,0.6,0.11764705882352941,26,0.36,Medium,0.5533333333333333,Medium,Needs Development,Lower Stability
31,Research & Development,Research Scientist,0,Growth Stage,0,3,0.0,0.6666666666666666,0.3333333333333333,0.3333333333333333,0.125,19,0.26666666666666666,Low,0.5222222222222221,Medium,Needs Development,Lower Stability
29,Sales,Sales Representative,1,Growth Stage,0,3,0.0,0.6666666666666666,1.0,0.6666666666666666,0.2,19,0.26666666666666666,Low,0.5,Medium,Adequate,Higher Stability
53,Sales,Sales Executive,0,Early Career,3,2,1.0,0.0,1.5,1.0,0.14285714285714285,56,0.6,High,0.45,Low,Adequate,Higher Stability
35,Research & Development,Manufacturing Director,0,Mid Career,2,0,0.3076923076923077,0.7692307692307693,0.15384615384615385,0.6153846153846154,0.1875,48,0.49230769230769234,High,0.6717948717948719,High,Needs Development,Lower Stability
37,Sales,Sales Representative,0,Growth Stage,0,3,0.0,0.8,0.6,0.0,0.1,15,0.32000000000000006,Medium,0.5800000000000001,Medium,Adequate,Lower Stability
53,Research & Development,Research Director,0,Mid Career,2,0,0.25,0.75,0.0,0.6666666666666666,0.12121212121212122,72,0.45000000000000007,Medium,0.65,High,Needs Development,Higher Stability
43,Research & Development,Healthcare Representative,0,Growth Stage,0,3,0.4,0.4,0.4,0.4,0.16666666666666666,26,0.4,Medium,0.5066666666666667,Medium,Needs Development,Lower Stability
47,Sales,Sales Executive,0,Mid Career,3,2,1.0,0.8571428571428571,0.2857142857142857,1.0,0.25,44,0.9428571428571428,High,0.919047619047619,High,Needs Development,Higher Stability
37,Sales,Sales Executive,0,Mid Career,0,3,0.0,0.0,0.2,0.9,0.3,39,0.0,Low,0.19333333333333336,Low,Needs Development,Higher Stability
50,Research & Development,Manager,0,Senior Career,2,0,0.45161290322580644,0.1935483870967742,0.0967741935483871,0.22580645161290322,0.12903225806451613,44,0.34838709677419355,Medium,0.4290322580645161,Low,Needs Development,Lower Stability
39,Human Resources,Human Resources,0,Growth Stage,0,3,0.0,0.8,0.4,0.8,0.15384615384615385,22,0.32000000000000006,Medium,0.5866666666666667,Medium,Needs Development,Higher Stability
33,Human Resources,Human Resources,0,Growth Stage,0,3,0.0,0.75,1.0,0.75,0.14285714285714285,11,0.30000000000000004,Medium,0.5416666666666667,Medium,Adequate,Higher Stability
32,Research & Development,Laboratory Technician,1,Early Career,1,1,0.0,0.0,2.0,1.0,1.0,24,0.0,Low,0.13333333333333336,Low,Adequate,Higher Stability
29,Research & Development,Laboratory Technician,0,Growth Stage,0,3,0.0,0.75,1.25,0.75,0.125,14,0.30000000000000004,Medium,0.5333333333333333,Medium,Adequate,Higher Stability
44,Research & Development,Research Scientist,0,Mid Career,3,3,0.875,0.875,0.0,0.125,0.125,13,0.875,High,0.8999999999999999,High,Needs Development,Lower Stability
28,Sales,Sales Executive,0,Growth Stage,0,3,0.0,0.5,0.75,0.5,0.5,28,0.2,Low,0.42500000000000004,Low,Adequate,Lower Stability
58,Research & Development,Laboratory Technician,1,Early Career,1,1,0.0,0.0,3.0,0.0,0.3333333333333333,14,0.0,Low,0.1,Low,Adequate,Lower Stability
43,Research & Development,Manufacturing Director,0,Early Career,1,1,0.0,0.0,2.0,0.0,0.5,42,0.0,Low,0.13333333333333336,Low,Adequate,Lower Stability
20,Sales,Sales Representative,1,Early Career,0,3,0.0,1.0,1.5,1.0,0.5,13,0.4,Medium,0.65,High,Adequate,Higher Stability
21,Research & Development,Research Scientist,1,Early Career,1,1,0.0,0.0,3.0,0.0,1.0,19,0.0,Low,0.1,Low,Adequate,Lower Stability
36,Research & Development,Healthcare Representative,0,Senior Career,2,0,0.25,0.5,0.125,0.6875,0.11764705882352941,34,0.35,Medium,0.5208333333333333,Medium,Needs Development,Higher Stability
47,Sales,Sales Representative,0,Growth Stage,0,3,0.3333333333333333,0.6666666666666666,1.0,0.6666666666666666,0.3333333333333333,18,0.4666666666666667,Medium,0.6000000000000001,Medium,Adequate,Higher Stability
22,Research & Development,Manufacturing Director,1,Growth Stage,0,3,0.0,0.6666666666666666,1.0,0.6666666666666666,0.5,38,0.26666666666666666,Low,0.5,Medium,Adequate,Higher Stability
41,Research & Development,Laboratory Technician,1,Mid Career,0,3,0.14285714285714285,1.0,0.14285714285714285,0.0,0.1,13,0.4857142857142857,High,0.738095238095238,High,Needs Development,Lower Stability
28,Research & Development,Research Scientist,0,Early Career,3,2,1.0,1.0,1.0,1.0,0.16666666666666666,18,1.0,High,0.9666666666666668,High,Adequate,Higher Stability
39,Research & Development,Laboratory Technician,1,Early Career,3,2,1.0,1.0,1.0,1.0,0.125,21,1.0,High,0.9666666666666668,High,Adequate,Higher Stability
27,Research & Development,Research Scientist,0,Early Career,1,1,0.0,1.0,2.0,0.0,1.0,19,0.4,Medium,0.6333333333333333,Medium,Adequate,Lower Stability
34,Research & Development,Laboratory Technician,0,Early Career,1,1,1.0,0.0,3.0,0.0,1.0,14,0.6,High,0.4,Low,Adequate,Lower Stability
42,Sales,Sales Executive,0,Growth Stage,0,3,0.0,0.8,1.2,0.6,0.2,34,0.32000000000000006,Medium,0.56,Medium,Adequate,Lower Stability
33,Research & Development,Research Scientist,0,Growth Stage,0,3,0.0,0.6666666666666666,0.3333333333333333,0.6666666666666666,0.16666666666666666,11,0.26666666666666666,Low,0.5222222222222221,Medium,Needs Development,Higher Stability
58,Research & Development,Healthcare Representative,0,Growth Stage,0,3,0.0,0.0,0.5,0.6666666666666666,0.125,39,0.0,Low,0.18333333333333335,Low,Adequate,Higher Stability
31,Sales,Sales Representative,0,Mid Career,3,3,0.7142857142857143,1.0,0.2857142857142857,0.2857142857142857,0.07692307692307693,15,0.8285714285714285,High,0.9047619047619047,High,Needs Development,Lower Stability
35,Research & Development,Healthcare Representative,0,Mid Career,0,0,0.0,0.6,0.2,0.7,0.2,50,0.24,Low,0.49333333333333335,Medium,Needs Development,Higher Stability
49,Research & Development,Laboratory Technician,0,Senior Career,2,0,0.038461538461538464,0.34615384615384615,0.11538461538461539,0.2692307692307692,0.10344827586206896,33,0.16153846153846155,Low,0.38076923076923075,Low,Needs Development,Lower Stability
48,Research & Development,Research Scientist,0,Early Career,1,1,0.0,0.0,2.0,0.0,0.07692307692307693,17,0.0,Low,0.13333333333333336,Low,Adequate,Lower Stability
31,Sales,Sales Executive,0,Mid Career,0,3,0.0,0.8888888888888888,0.2222222222222222,0.0,0.2222222222222222,26,0.35555555555555557,Medium,0.6370370370370371,Medium,Needs Development,Lower Stability
36,Research & Development,Research Scientist,0,Growth Stage,0,3,0.0,0.3333333333333333,1.0,0.16666666666666666,0.125,18,0.13333333333333333,Low,0.33333333333333337,Low,Adequate,Lower Stability
38,Research & Development,Research Director,0,Senior Career,2,0,0.3333333333333333,0.8,0.2,0.7333333333333333,0.2,39,0.52,High,0.6933333333333334,High,Needs Development,Higher Stability
32,Research & Development,Laboratory Technician,0,Growth Stage,0,3,0.0,0.0,1.0,0.6666666666666666,0.2,20,0.0,Low,0.16666666666666669,Low,Adequate,Higher Stability
25,Sales,Sales Representative,1,Early Career,1,1,0.0,0.0,2.0,0.0,1.0,18,0.0,Low,0.13333333333333336,Low,Adequate,Lower Stability
40,Sales,Sales Executive,0,Early Career,1,1,0.0,0.0,2.0,0.0,0.2727272727272727,36,0.0,Low,0.13333333333333336,Low,Adequate,Lower Stability
26,Sales,Sales Executive,0,Mid Career,0,0,0.0,1.0,0.2857142857142857,1.0,0.2857142857142857,24,0.4,Medium,0.6904761904761905,High,Needs Development,Higher Stability
41,Research & Development,Laboratory Technician,0,Senior Career,2,0,0.1111111111111111,0.7222222222222222,0.16666666666666666,0.9444444444444444,0.05,13,0.35555555555555557,Medium,0.5888888888888889,Medium,Needs Development,Higher Stability
36,Research & Development,Laboratory Technician,0,Mid Career,2,0,0.2727272727272727,0.7272727272727273,0.5454545454545454,0.8181818181818182,0.0625,21,0.4545454545454546,Medium,0.6272727272727272,Medium,Adequate,Higher Stability
19,Sales,Sales Representative,1,Early Career,1,1,0.0,0.0,3.0,0.0,1.0,13,0.0,Low,0.1,Low,Adequate,Lower Stability
20,Research & Development,Laboratory Technician,1,Early Career,1,1,0.0,0.0,2.0,0.0,1.0,19,0.0,Low,0.13333333333333336,Low,Adequate,Lower Stability
31,Research & Development,Healthcare Representative,0,Mid Career,3,2,0.8888888888888888,0.7777777777777778,0.2222222222222222,0.5555555555555556,0.2,22,0.8444444444444444,High,0.8481481481481482,High,Needs Development,Lower Stability
40,Research & Development,Research Scientist,0,Early Career,0,3,0.0,1.0,2.0,0.0,0.3333333333333333,14,0.4,Medium,0.6333333333333333,Medium,Adequate,Lower Stability
32,Research & Development,Manufacturing Director,0,Mid Career,3,3,0.75,0.875,0.25,0.375,0.25,24,0.8,High,0.8541666666666667,High,Needs Development,Lower Stability
36,Sales,Sales Executive,1,Senior Career,2,0,0.1875,0.4375,0.375,0.4375,0.1875,33,0.2875,Medium,0.4625,Low,Needs Development,Lower Stability
33,Research & Development,Healthcare Representative,0,Growth Stage,0,3,0.2,0.0,0.6,0.8,0.3333333333333333,28,0.12,Low,0.24000000000000002,Low,Adequate,Higher Stability
37,Sales,Sales Executive,1,Mid Career,2,0,0.7857142857142857,0.07142857142857142,0.14285714285714285,0.5,0.17647058823529413,33,0.5,High,0.4666666666666667,Low,Needs Development,Lower Stability
45,Research & Development,Laboratory Technician,0,Mid Career,0,0,0.0,0.7777777777777778,0.5555555555555556,0.8888888888888888,0.2222222222222222,24,0.3111111111111111,Medium,0.5703703703703704,Medium,Adequate,Higher Stability
29,Sales,Sales Representative,0,Growth Stage,0,3,0.0,0.3333333333333333,1.6666666666666667,0.6666666666666666,0.3333333333333333,15,0.13333333333333333,Low,0.3111111111111111,Low,Adequate,Higher Stability
35,Sales,Sales Executive,0,Growth Stage,0,3,0.2,0.4,0.6,0.0,0.4,32,0.28,Medium,0.44000000000000006,Low,Adequate,Lower Stability
52,Research & Development,Manager,0,Mid Career,2,2,0.7777777777777778,0.8888888888888888,0.2222222222222222,0.8888888888888888,0.15384615384615385,60,0.8222222222222222,High,0.8703703703703705,High,Needs Development,Higher Stability
58,Research & Development,Research Scientist,1,Early Career,1,1,0.0,0.0,4.0,0.0,0.14285714285714285,24,0.0,Low,0.06666666666666668,Low,Adequate,Lower Stability
53,Sales,Manager,0,Senior Career,2,0,0.8823529411764706,0.7647058823529411,0.17647058823529413,0.11764705882352941,0.18181818181818182,52,0.8352941176470589,High,0.8411764705882352,High,Needs Development,Lower Stability
30,Sales,Sales Executive,0,Mid Career,3,2,0.875,0.5,0.25,0.875,0.3,33,0.7250000000000001,High,0.7041666666666667,High,Needs Development,Higher Stability
38,Sales,Sales Executive,0,Growth Stage,0,3,0.2,0.6,0.2,0.6,0.3333333333333333,26,0.36,Medium,0.5533333333333333,Medium,Needs Development,Lower Stability
35,Sales,Sales Executive,0,Mid Career,0,0,0.0,0.9,0.2,0.8,0.25,39,0.36000000000000004,Medium,0.6433333333333334,High,Needs Development,Higher Stability
39,Sales,Sales Executive,0,Mid Career,0,0,0.0,0.875,0.375,0.875,0.3333333333333333,54,0.35000000000000003,Medium,0.625,Medium,Needs Development,Higher Stability
40,Sales,Sales Executive,1,Early Career,1,1,0.0,0.0,2.0,0.0,0.18181818181818182,64,0.0,Low,0.13333333333333336,Low,Adequate,Lower Stability
47,Research & Development,Manufacturing Director,0,Senior Career,2,0,0.10526315789473684,0.5263157894736842,0.15789473684210525,0.3684210526315789,0.1,38,0.27368421052631575,Low,0.4894736842105263,Medium,Needs Development,Lower Stability
36,Sales,Sales Executive,0,Mid Career,0,0,0.0,1.0,0.42857142857142855,1.0,0.16666666666666666,26,0.4,Medium,0.6857142857142857,High,Needs Development,Higher Stability
31,Research & Development,Research Scientist,1,Growth Stage,0,3,0.3333333333333333,0.6666666666666666,0.0,0.6666666666666666,0.25,22,0.4666666666666667,Medium,0.6333333333333333,Medium,Needs Development,Higher Stability
33,Sales,Manager,0,Mid Career,3,3,0.6,0.8,0.2,0.0,0.4,44,0.68,High,0.7733333333333334,High,Needs Development,Lower Stability
29,Research & Development,Research Scientist,1,Early Career,1,1,0.0,0.0,5.0,0.0,0.3333333333333333,20,0.0,Low,0.03333333333333335,Low,Adequate,Lower Stability
33,Research & Development,Research Scientist,0,Growth Stage,0,3,0.0,0.6666666666666666,1.3333333333333333,0.6666666666666666,0.2,18,0.26666666666666666,Low,0.4888888888888889,Low,Adequate,Higher Stability
45,Research & Development,Laboratory Technician,0,Growth Stage,0,3,0.0,0.6,0.4,0.4,0.125,14,0.24,Low,0.4866666666666667,Low,Needs Development,Lower Stability
50,Research & Development,Research Director,0,Growth Stage,0,3,0.2,0.8,0.2,0.6,0.125,88,0.44000000000000006,Medium,0.6533333333333333,High,Needs Development,Lower Stability
33,Research & Development,Healthcare Representative,0,Growth Stage,0,3,0.16666666666666666,0.8333333333333334,0.3333333333333333,0.3333333333333333,0.3333333333333333,26,0.43333333333333335,Medium,0.6555555555555556,High,Needs Development,Lower Stability
41,Research & Development,Research Director,0,Senior Career,2,0,0.0,0.8888888888888888,0.1111111111111111,0.6111111111111112,0.23809523809523808,85,0.35555555555555557,Medium,0.6407407407407407,Medium,Needs Development,Lower Stability
27,Research & Development,Laboratory Technician,0,Early Career,3,2,1.0,1.0,1.0,1.0,0.25,14,1.0,High,0.9666666666666668,High,Adequate,Higher Stability
45,Research & Development,Laboratory Technician,0,Mid Career,0,0,0.0,0.8888888888888888,0.2222222222222222,0.8888888888888888,0.2222222222222222,30,0.35555555555555557,Medium,0.6370370370370371,Medium,Needs Development,Higher Stability
47,Sales,Sales Executive,0,Mid Career,0,3,0.0,0.0,0.0,0.7777777777777778,0.2222222222222222,34,0.0,Low,0.2,Low,Needs Development,Higher Stability
30,Research & Development,Research Scientist,1,Growth Stage,0,3,0.0,0.4,0.4,0.2,0.14285714285714285,11,0.16000000000000003,Low,0.3866666666666667,Low,Needs Development,Lower Stability
50,Research & Development,Manufacturing Director,0,Mid Career,0,0,0.08333333333333333,0.9166666666666666,0.16666666666666666,0.4166666666666667,0.18181818181818182,72,0.4166666666666667,Medium,0.6777777777777777,High,Needs Development,Lower Stability
38,Research & Development,Research Scientist,0,Early Career,0,3,0.0,0.5,0.0,1.0,0.3333333333333333,17,0.2,Low,0.45,Low,Needs Development,Higher Stability
46,Research & Development,Manufacturing Director,0,Mid Career,0,0,0.0,0.875,0.375,0.875,0.23076923076923078,39,0.35000000000000003,Medium,0.625,Medium,Needs Development,Higher Stability
24,Research & Development,Manufacturing Director,0,Growth Stage,3,2,0.75,0.5,1.5,0.5,0.4,30,0.6499999999999999,High,0.625,Medium,Adequate,Lower Stability
35,Research & Development,Laboratory Technician,1,Growth Stage,0,3,0.0,0.5,0.5,0.5,0.2,24,0.2,Low,0.43333333333333335,Low,Adequate,Lower Stability
31,Research & Development,Manufacturing Director,0,Growth Stage,0,3,0.0,0.75,0.25,0.75,0.5,24,0.30000000000000004,Medium,0.5666666666666667,Medium,Needs Development,Higher Stability
18,Research & Development,Research Scientist,0,Early Career,1,1,0.0,0.0,2.0,0.0,1.0,15,0.0,Low,0.13333333333333336,Low,Adequate,Lower Stability
54,Research & Development,Manufacturing Director,0,Mid Career,0,0,0.0,0.7,0.2,0.8,0.13636363636363635,33,0.27999999999999997,Low,0.5433333333333333,Medium,Needs Development,Higher Stability
35,Research & Development,Healthcare Representative,0,Senior Career,2,0,0.625,0.625,0.1875,0.0625,0.1875,33,0.625,High,0.69375,High,Needs Development,Lower Stability
30,Research & Development,Research Director,0,Mid Career,0,0,0.125,0.875,0.5,0.875,0.3333333333333333,36,0.42500000000000004,Medium,0.6583333333333334,High,Adequate,Higher Stability
20,Research & Development,Research Scientist,1,Early Career,1,1,0.0,0.0,2.0,0.0,1.0,15,0.0,Low,0.13333333333333336,Low,Adequate,Lower Stability
30,Research & Development,Laboratory Technician,1,Growth Stage,0,3,0.3333333333333333,0.6666666666666666,1.0,0.6666666666666666,0.25,17,0.4666666666666667,Medium,0.6000000000000001,Medium,Adequate,Higher Stability
26,Research & Development,Manufacturing Director,0,Mid Career,0,0,0.125,0.875,0.25,0.375,0.25,24,0.42500000000000004,Medium,0.6666666666666667,High,Needs Development,Lower Stability
22,Research & Development,Laboratory Technician,0,Growth Stage,0,3,0.25,0.75,0.75,0.25,0.25,15,0.45000000000000007,Medium,0.625,Medium,Adequate,Lower Stability
48,Research & Development,Healthcare Representative,0,Early Career,3,2,1.0,1.0,0.0,1.0,0.10526315789473684,26,1.0,High,1.0,High,Needs Development,Higher Stability
48,Research & Development,Healthcare Representative,0,Senior Career,2,0,0.26666666666666666,0.7333333333333333,0.2,0.5333333333333333,0.1111111111111111,42,0.45333333333333337,Medium,0.64,Medium,Needs Development,Lower Stability
41,Research & Development,Manufacturing Director,0,Early Career,3,2,1.0,1.0,3.0,0.5,0.25,28,1.0,High,0.9,High,Adequate,Lower Stability
39,Research & Development,Manufacturing Director,0,Senior Career,2,0,0.5238095238095238,0.2857142857142857,0.14285714285714285,0.38095238095238093,0.19047619047619047,64,0.42857142857142855,Medium,0.49523809523809526,Medium,Needs Development,Lower Stability
27,Research & Development,Manufacturing Director,0,Growth Stage,3,2,0.6666666666666666,0.6666666666666666,0.6666666666666666,0.6666666666666666,0.5,36,0.6666666666666666,High,0.7111111111111111,High,Adequate,Higher Stability
35,Research & Development,Laboratory Technician,0,Growth Stage,0,3,0.3333333333333333,0.6666666666666666,1.3333333333333333,0.6666666666666666,0.3333333333333333,20,0.4666666666666667,Medium,0.5888888888888889,Medium,Adequate,Higher Stability
42,Sales,Manager,0,Early Career,1,1,0.0,0.0,3.0,0.0,0.23809523809523808,65,0.0,Low,0.1,Low,Adequate,Lower Stability
50,Research & Development,Laboratory Technician,0,Early Career,1,1,0.0,0.0,5.0,0.0,0.125,18,0.0,Low,0.03333333333333335,Low,Adequate,Lower Stability
59,Research & Development,Manufacturing Director,0,Growth Stage,3,2,0.8,0.6,0.8,0.6,0.13333333333333333,52,0.72,High,0.7133333333333334,High,Adequate,Lower Stability
37,Research & Development,Healthcare Representative,1,Early Career,1,1,0.0,0.0,2.0,0.0,0.13333333333333333,30,0.0,Low,0.13333333333333336,Low,Adequate,Lower Stability
55,Research & Development,Healthcare Representative,0,Mid Career,3,2,0.75,0.875,0.375,0.875,0.11764705882352941,28,0.8,High,0.8500000000000001,High,Needs Development,Higher Stability
41,Research & Development,Research Director,0,Senior Career,2,0,0.23809523809523808,0.7619047619047619,0.14285714285714285,0.47619047619047616,0.23809523809523808,110,0.44761904761904764,Medium,0.6476190476190475,High,Needs Development,Lower Stability
38,Sales,Sales Executive,0,Early Career,1,1,0.0,0.0,1.0,0.0,0.10526315789473684,24,0.0,Low,0.16666666666666669,Low,Adequate,Lower Stability
26,Sales,Sales Executive,1,Early Career,3,2,1.0,1.0,3.0,1.0,0.2857142857142857,36,1.0,High,0.9,High,Adequate,Higher Stability
52,Sales,Manager,1,Senior Career,2,0,0.1875,0.4375,0.09375,0.28125,0.15151515151515152,75,0.2875,Medium,0.47187500000000004,Low,Needs Development,Lower Stability
44,Sales,Sales Executive,0,Mid Career,2,0,0.9166666666666666,0.9166666666666666,0.16666666666666666,0.9166666666666666,0.17391304347826086,72,0.9166666666666666,High,0.9277777777777777,High,Needs Development,Higher Stability
50,Sales,Sales Executive,0,Senior Career,2,0,0.0,0.3888888888888889,0.16666666666666666,0.7222222222222222,0.10526315789473684,24,0.15555555555555556,Low,0.3888888888888889,Low,Needs Development,Higher Stability
36,Research & Development,Laboratory Technician,1,Senior Career,2,0,0.8823529411764706,0.7647058823529411,0.058823529411764705,0.8235294117647058,0.05555555555555555,16,0.8352941176470589,High,0.8450980392156862,High,Needs Development,Higher Stability
39,Research & Development,Manufacturing Director,0,Senior Career,2,0,0.09523809523809523,0.2857142857142857,0.09523809523809523,0.38095238095238093,0.14285714285714285,39,0.17142857142857143,Low,0.3682539682539683,Low,Needs Development,Lower Stability
33,Sales,Sales Representative,0,Early Career,3,2,1.0,1.0,1.0,1.0,0.3333333333333333,19,1.0,High,0.9666666666666668,High,Adequate,Higher Stability
45,Sales,Manager,0,Mid Career,0,3,0.1111111111111111,0.3333333333333333,0.4444444444444444,0.1111111111111111,0.15384615384615385,52,0.2,Low,0.3851851851851852,Low,Needs Development,Lower Stability
32,Research & Development,Laboratory Technician,0,Mid Career,3,2,0.875,0.875,0.25,0.875,0.1,12,0.875,High,0.8916666666666666,High,Needs Development,Higher Stability
34,Sales,Sales Executive,0,Senior Career,0,3,0.0,0.06666666666666667,0.13333333333333333,0.6,0.125,22,0.02666666666666667,Low,0.2288888888888889,Low,Needs Development,Lower Stability
59,Sales,Manager,0,Growth Stage,0,3,0.0,0.6666666666666666,0.16666666666666666,0.6666666666666666,0.21428571428571427,42,0.26666666666666666,Low,0.5277777777777778,Medium,Needs Development,Higher Stability
45,Human Resources,Human Resources,0,Growth Stage,0,3,0.0,0.5,0.5,0.6666666666666666,0.16666666666666666,16,0.2,Low,0.43333333333333335,Low,Adequate,Higher Stability
53,Sales,Sales Executive,0,Senior Career,2,0,0.4,0.4666666666666667,0.13333333333333333,0.8,0.1,36,0.42666666666666664,Medium,0.5488888888888889,Medium,Needs Development,Higher Stability
36,Research & Development,Laboratory Technician,1,Early Career,1,1,0.0,0.0,3.0,0.0,0.2222222222222222,28,0.0,Low,0.1,Low,Adequate,Lower Stability
26,Research & Development,Research Scientist,1,Growth Stage,0,3,0.3333333333333333,0.6666666666666666,0.6666666666666666,0.6666666666666666,0.16666666666666666,14,0.4666666666666667,Medium,0.6111111111111112,Medium,Adequate,Higher Stability
34,Sales,Sales Representative,0,Early Career,1,1,0.0,1.0,2.0,0.0,1.0,19,0.4,Medium,0.6333333333333333,Medium,Adequate,Lower Stability
28,Sales,Sales Representative,0,Early Career,1,1,0.0,0.0,5.0,0.0,1.0,22,0.0,Low,0.03333333333333335,Low,Adequate,Lower Stability
38,Research & Development,Research Scientist,0,Early Career,3,2,1.0,1.0,1.0,1.0,0.125,16,1.0,High,0.9666666666666668,High,Adequate,Higher Stability
50,Research & Development,Research Director,0,Mid Career,3,2,0.875,0.125,0.25,0.875,0.1724137931034483,55,0.5750000000000001,High,0.5166666666666667,Medium,Needs Development,Higher Stability
37,Research & Development,Healthcare Representative,0,Growth Stage,0,3,0.0,0.75,0.75,0.25,0.25,30,0.30000000000000004,Medium,0.55,Medium,Adequate,Lower Stability
40,Sales,Sales Executive,0,Mid Career,3,2,1.0,1.0,0.42857142857142855,0.7142857142857143,0.25,28,1.0,High,0.9857142857142858,High,Needs Development,Higher Stability
26,Research & Development,Research Scientist,0,Growth Stage,0,3,0.2,0.6,1.0,0.6,0.2,13,0.36,Medium,0.5266666666666666,Medium,Adequate,Lower Stability
46,Research & Development,Research Director,0,Early Career,3,2,1.0,1.0,0.0,1.0,0.21739130434782608,85,1.0,High,1.0,High,Needs Development,Higher Stability
54,Sales,Sales Executive,0,Mid Career,3,3,0.7777777777777778,0.4444444444444444,0.4444444444444444,0.0,0.23076923076923078,33,0.6444444444444445,High,0.6407407407407408,Medium,Needs Development,Lower Stability
56,Research & Development,Research Scientist,0,Growth Stage,0,3,0.0,0.8,0.8,0.6,0.05555555555555555,19,0.32000000000000006,Medium,0.5733333333333334,Medium,Adequate,Lower Stability
36,Research & Development,Manufacturing Director,0,Mid Career,2,0,0.5,0.5714285714285714,0.14285714285714285,0.5714285714285714,0.2,33,0.5285714285714286,High,0.6309523809523809,Medium,Needs Development,Lower Stability
55,Research & Development,Manager,0,Mid Career,3,3,0.6666666666666666,0.7777777777777778,0.3333333333333333,0.2222222222222222,0.12903225806451613,60,0.711111111111111,High,0.7777777777777777,High,Needs Development,Lower Stability
43,Sales,Sales Executive,0,Early Career,1,1,0.0,0.0,5.0,0.0,0.16666666666666666,39,0.0,Low,0.03333333333333335,Low,Adequate,Lower Stability
20,Sales,Sales Representative,1,Early Career,0,3,0.0,1.0,1.5,1.0,0.5,14,0.4,Medium,0.65,High,Adequate,Higher Stability
21,Research & Development,Laboratory Technician,1,Early Career,1,1,1.0,0.0,6.0,0.0,1.0,13,0.6,High,0.3,Low,Adequate,Lower Stability
46,Research & Development,Research Scientist,0,Senior Career,2,0,0.0625,0.8125,0.125,0.4375,0.10526315789473684,46,0.3625,Medium,0.6208333333333333,Medium,Needs Development,Lower Stability
51,Research & Development,Research Scientist,1,Mid Career,0,3,0.2,0.0,0.2,0.7,0.05555555555555555,12,0.12,Low,0.25333333333333335,Low,Needs Development,Higher Stability
28,Research & Development,Healthcare Representative,1,Mid Career,0,0,0.1,0.7,0.2,0.9,0.3,36,0.33999999999999997,Medium,0.5733333333333334,Medium,Needs Development,Higher Stability
26,Research & Development,Laboratory Technician,0,Growth Stage,0,3,0.2,0.6,0.4,0.6,0.16666666666666666,16,0.36,Medium,0.5466666666666666,Medium,Needs Development,Lower Stability
30,Research & Development,Manufacturing Director,0,Growth Stage,0,3,0.0,0.3333333333333333,0.16666666666666666,0.3333333333333333,0.2857142857142857,30,0.13333333333333333,Low,0.3611111111111111,Low,Needs Development,Lower Stability
41,Research & Development,Research Scientist,0,Mid Career,0,0,0.0,0.6,0.3,0.8,0.1,13,0.24,Low,0.49,Medium,Needs Development,Higher Stability
38,Research & Development,Healthcare Representative,0,Senior Career,2,0,0.05263157894736842,0.47368421052631576,0.21052631578947367,0.47368421052631576,0.15,54,0.22105263157894736,Low,0.44561403508771935,Low,Needs Development,Lower Stability
40,Research & Development,Healthcare Representative,0,Mid Career,2,3,1.0,0.9090909090909091,0.5454545454545454,0.09090909090909091,0.21428571428571427,60,0.9636363636363636,High,0.9363636363636363,High,Adequate,Lower Stability
27,Research & Development,Laboratory Technician,0,Growth Stage,0,3,0.3333333333333333,0.6666666666666666,1.3333333333333333,0.6666666666666666,0.3333333333333333,19,0.4666666666666667,Medium,0.5888888888888889,Medium,Adequate,Higher Stability
55,Research & Development,Manufacturing Director,0,Growth Stage,0,3,0.3333333333333333,0.6666666666666666,1.3333333333333333,0.6666666666666666,0.13043478260869565,54,0.4666666666666667,Medium,0.5888888888888889,Medium,Adequate,Higher Stability
28,Research & Development,Research Scientist,0,Mid Career,0,0,0.125,0.875,0.5,0.875,0.2,26,0.42500000000000004,Medium,0.6583333333333334,High,Adequate,Higher Stability
44,Human Resources,Human Resources,1,Senior Career,2,0,0.15,0.3,0.05,0.3,0.125,42,0.21,Low,0.39333333333333337,Low,Needs Development,Lower Stability
33,Research & Development,Healthcare Representative,0,Growth Stage,0,3,0.3333333333333333,0.6666666666666666,0.6666666666666666,0.6666666666666666,0.3333333333333333,45,0.4666666666666667,Medium,0.6111111111111112,Medium,Adequate,Higher Stability
35,Sales,Sales Executive,1,Mid Career,3,0,0.5,0.875,0.25,0.875,0.3333333333333333,66,0.65,High,0.7791666666666667,High,Needs Development,Higher Stability
33,Research & Development,Research Scientist,1,Mid Career,2,0,0.23076923076923078,0.5384615384615384,0.3076923076923077,0.6153846153846154,0.14285714285714285,44,0.35384615384615387,Medium,0.5282051282051282,Medium,Needs Development,Lower Stability
28,Research & Development,Laboratory Technician,0,Growth Stage,0,3,0.5,0.5,1.25,0.5,0.25,16,0.5,High,0.5583333333333333,Medium,Adequate,Lower Stability
34,Research & Development,Healthcare Representative,0,Growth Stage,0,3,0.0,0.3333333333333333,0.16666666666666666,0.6666666666666666,0.2857142857142857,34,0.13333333333333333,Low,0.3611111111111111,Low,Needs Development,Higher Stability
37,Sales,Sales Executive,0,Early Career,1,1,0.0,0.0,5.0,0.0,0.25,28,0.0,Low,0.03333333333333335,Low,Adequate,Lower Stability
25,Research & Development,Laboratory Technician,1,Mid Career,3,0,0.7142857142857143,1.0,0.42857142857142855,0.8571428571428571,0.14285714285714285,15,0.8285714285714285,High,0.8999999999999999,High,Needs Development,Higher Stability
26,Research & Development,Laboratory Technician,1,Early Career,1,1,0.0,1.0,0.0,0.0,1.0,20,0.4,Medium,0.7,High,Needs Development,Lower Stability
33,Research & Development,Research Scientist,1,Early Career,3,2,1.0,1.0,0.0,1.0,0.2,20,1.0,High,1.0,High,Needs Development,Higher Stability
42,Research & Development,Manager,0,Senior Career,2,0,0.5909090909090909,0.2727272727272727,0.13636363636363635,0.3181818181818182,0.17391304347826086,68,0.4636363636363636,Medium,0.509090909090909,Medium,Needs Development,Lower Stability
28,Research & Development,Laboratory Technician,1,Early Career,1,1,0.0,0.0,2.0,0.0,1.0,15,0.0,Low,0.13333333333333336,Low,Adequate,Lower Stability
50,Sales,Sales Executive,1,Early Career,1,1,0.0,0.0,4.0,0.0,0.4,28,0.0,Low,0.06666666666666668,Low,Adequate,Lower Stability
33,Sales,Sales Executive,0,Growth Stage,0,3,0.0,0.6666666666666666,1.0,0.6666666666666666,0.5,34,0.26666666666666666,Low,0.5,Medium,Adequate,Higher Stability
34,Research & Development,Research Scientist,0,Early Career,1,1,0.0,0.0,2.0,0.0,0.16666666666666666,17,0.0,Low,0.13333333333333336,Low,Adequate,Lower Stability
48,Research & Development,Manager,0,Growth Stage,0,3,0.4,0.8,0.6,0.2,0.14814814814814814,88,0.56,High,0.7000000000000001,High,Adequate,Lower Stability
45,Sales,Sales Executive,0,Senior Career,2,0,0.26666666666666666,0.6666666666666666,0.13333333333333333,0.8,0.13333333333333333,26,0.42666666666666664,Medium,0.6088888888888889,Medium,Needs Development,Higher Stability
52,Research & Development,Healthcare Representative,0,Mid Career,0,3,0.5,0.75,0.5,0.0,0.16666666666666666,57,0.6000000000000001,High,0.7083333333333334,High,Adequate,Lower Stability
38,Sales,Sales Executive,0,Mid Career,0,0,0.25,0.875,0.25,0.875,0.3333333333333333,42,0.5,High,0.7041666666666666,High,Needs Development,Higher Stability
29,Research & Development,Research Scientist,0,Mid Career,0,0,0.14285714285714285,0.7142857142857143,0.14285714285714285,1.0,0.09090909090909091,22,0.37142857142857144,Medium,0.5952380952380952,Medium,Needs Development,Higher Stability
28,Research & Development,Manufacturing Director,0,Mid Career,0,0,0.1111111111111111,0.7777777777777778,0.3333333333333333,0.7777777777777778,0.3,51,0.37777777777777777,Medium,0.6111111111111112,Medium,Needs Development,Higher Stability
46,Sales,Manager,0,Mid Career,2,0,0.3333333333333333,0.75,0.25,0.75,0.17391304347826086,48,0.5,High,0.6666666666666666,High,Needs Development,Higher Stability
38,Sales,Sales Executive,0,Early Career,1,1,0.0,0.0,2.0,0.0,0.3,48,0.0,Low,0.13333333333333336,Low,Adequate,Lower Stability
43,Research & Development,Manufacturing Director,0,Mid Career,0,3,0.0,0.875,0.125,0.125,0.16666666666666666,33,0.35000000000000003,Medium,0.6333333333333333,Medium,Needs Development,Lower Stability
39,Research & Development,Healthcare Representative,1,Senior Career,2,0,0.6111111111111112,0.3888888888888889,0.2222222222222222,0.2777777777777778,0.19047619047619047,44,0.5222222222222223,High,0.5703703703703704,Medium,Needs Development,Lower Stability
40,Research & Development,Research Director,0,Senior Career,2,0,0.2,0.35,0.1,0.45,0.23809523809523808,70,0.26,Low,0.43166666666666664,Low,Needs Development,Lower Stability
21,Research & Development,Research Scientist,0,Early Career,3,2,1.0,1.0,3.0,1.0,0.5,11,1.0,High,0.9,High,Adequate,Higher Stability
39,Research & Development,Laboratory Technician,0,Growth Stage,0,3,0.0,0.8,0.4,0.6,0.2222222222222222,30,0.32000000000000006,Medium,0.5866666666666667,Medium,Needs Development,Lower Stability
36,Research & Development,Manufacturing Director,0,Mid Career,0,0,0.0,0.8181818181818182,0.0,0.8181818181818182,0.1111111111111111,40,0.3272727272727273,Medium,0.6090909090909091,Medium,Needs Development,Higher Stability
31,Sales,Sales Representative,0,Early Career,3,2,1.0,1.0,2.0,1.0,0.3333333333333333,12,1.0,High,0.9333333333333333,High,Adequate,Higher Stability
28,Research & Development,Research Scientist,0,Growth Stage,0,3,0.0,0.6,0.4,0.8,0.16666666666666666,17,0.24,Low,0.4866666666666667,Low,Needs Development,Higher Stability
35,Sales,Sales Executive,0,Growth Stage,0,3,0.0,0.4,0.6,0.4,0.4,22,0.16000000000000003,Low,0.38,Low,Adequate,Lower Stability
49,Sales,Sales Executive,0,Mid Career,0,0,0.2222222222222222,0.8888888888888888,0.3333333333333333,0.3333333333333333,0.18181818181818182,68,0.48888888888888893,High,0.7,High,Needs Development,Lower Stability
34,Research & Development,Manufacturing Director,0,Growth Stage,0,3,0.0,0.6666666666666666,1.0,0.6666666666666666,0.4,22,0.26666666666666666,Low,0.5,Medium,Adequate,Higher Stability
29,Research & Development,Research Scientist,0,Mid Career,0,3,0.14285714285714285,0.7142857142857143,0.2857142857142857,0.14285714285714285,0.125,14,0.37142857142857144,Medium,0.5904761904761905,Medium,Needs Development,Lower Stability
42,Research & Development,Laboratory Technician,0,Early Career,1,1,0.0,0.0,3.0,0.0,0.125,38,0.0,Low,0.1,Low,Adequate,Lower Stability
29,Research & Development,Manufacturing Director,0,Mid Career,0,3,0.1,0.7,0.2,0.2,0.2,30,0.33999999999999997,Medium,0.5733333333333334,Medium,Needs Development,Lower Stability
38,Human Resources,Human Resources,0,Mid Career,3,3,0.7142857142857143,0.8571428571428571,0.2857142857142857,0.0,0.14285714285714285,13,0.7714285714285714,High,0.8333333333333333,High,Needs Development,Lower Stability
28,Research & Development,Research Scientist,0,Growth Stage,0,3,0.0,0.3333333333333333,0.6666666666666666,0.6666666666666666,0.3333333333333333,14,0.13333333333333333,Low,0.34444444444444444,Low,Adequate,Higher Stability
18,Research & Development,Laboratory Technician,1,Early Career,1,1,0.0,0.0,0.0,0.0,1.0,12,0.0,Low,0.2,Low,Needs Development,Lower Stability
33,Sales,Sales Executive,1,Growth Stage,0,3,0.0,0.4,0.6,0.6,0.3333333333333333,34,0.16000000000000003,Low,0.38,Low,Adequate,Lower Stability
41,Research & Development,Laboratory Technician,0,Early Career,1,1,0.0,0.0,4.0,0.0,0.16666666666666666,11,0.0,Low,0.06666666666666668,Low,Adequate,Lower Stability
31,Research & Development,Laboratory Technician,1,Early Career,3,2,1.0,1.0,2.5,1.0,0.5,12,1.0,High,0.9166666666666667,High,Adequate,Higher Stability
37,Research & Development,Healthcare Representative,0,Growth Stage,0,3,0.16666666666666666,0.3333333333333333,0.3333333333333333,0.5,0.2222222222222222,26,0.23333333333333334,Low,0.40555555555555556,Low,Needs Development,Lower Stability
27,Research & Development,Research Scientist,0,Growth Stage,0,3,0.5,0.5,0.0,0.5,0.25,13,0.5,High,0.6000000000000001,Medium,Needs Development,Lower Stability
34,Sales,Sales Executive,0,Growth Stage,0,3,0.16666666666666666,0.8333333333333334,0.5,0.5,0.3333333333333333,40,0.43333333333333335,Medium,0.65,High,Adequate,Lower Stability
35,Human Resources,Human Resources,0,Growth Stage,0,3,0.2,0.8,0.4,0.8,0.16666666666666666,17,0.44000000000000006,Medium,0.6466666666666667,High,Needs Development,Higher Stability
29,Sales,Sales Executive,1,Mid Career,2,0,0.2727272727272727,0.7272727272727273,0.2727272727272727,0.9090909090909091,0.2727272727272727,39,0.4545454545454546,Medium,0.6363636363636364,Medium,Needs Development,Higher Stability
40,Research & Development,Research Director,0,Senior Career,2,0,0.1111111111111111,0.3888888888888889,0.16666666666666666,0.7222222222222222,0.15,51,0.2222222222222222,Low,0.4222222222222222,Low,Needs Development,Higher Stability
42,Sales,Sales Executive,1,Senior Career,2,0,0.6190476190476191,0.42857142857142855,0.09523809523809523,0.6666666666666666,0.18181818181818182,48,0.5428571428571429,High,0.5968253968253969,Medium,Needs Development,Higher Stability
42,Sales,Sales Executive,0,Growth Stage,0,3,0.16666666666666666,0.6666666666666666,0.5,0.8333333333333334,0.2222222222222222,26,0.36666666666666664,Medium,0.5666666666666667,Medium,Adequate,Higher Stability
35,Research & Development,Laboratory Technician,0,Mid Career,0,3,0.125,0.0,0.25,0.875,0.1,12,0.075,Low,0.22916666666666669,Low,Needs Development,Higher Stability
24,Research & Development,Laboratory Technician,0,Growth Stage,0,3,0.25,0.75,0.5,0.5,0.16666666666666666,22,0.45000000000000007,Medium,0.6333333333333333,Medium,Adequate,Lower Stability
28,Research & Development,Laboratory Technician,1,Early Career,1,1,0.0,1.0,4.0,0.0,1.0,11,0.4,Medium,0.5666666666666667,Medium,Adequate,Lower Stability
26,Research & Development,Laboratory Technician,0,Mid Career,0,0,0.0,0.875,0.25,0.875,0.125,22,0.35000000000000003,Medium,0.6291666666666667,Medium,Needs Development,Higher Stability
30,Sales,Sales Executive,0,Mid Career,0,3,0.1,0.3,0.3,0.4,0.2,36,0.18,Low,0.37,Low,Needs Development,Lower Stability
40,Research & Development,Research Scientist,0,Early Career,1,1,0.0,1.0,3.0,0.0,0.125,26,0.4,Medium,0.6,Medium,Adequate,Lower Stability
35,Research & Development,Manufacturing Director,0,Mid Career,3,2,0.8571428571428571,1.0,0.2857142857142857,0.5714285714285714,0.2,54,0.9142857142857143,High,0.9476190476190476,High,Needs Development,Lower Stability
34,Research & Development,Healthcare Representative,0,Mid Career,2,0,0.3076923076923077,0.6923076923076923,0.23076923076923078,0.6923076923076923,0.14285714285714285,40,0.46153846153846156,Medium,0.6307692307692307,Medium,Needs Development,Higher Stability
35,Research & Development,Laboratory Technician,0,Early Career,3,2,1.0,1.0,1.0,1.0,0.5,13,1.0,High,0.9666666666666668,High,Adequate,Higher Stability
43,Sales,Sales Executive,1,Growth Stage,0,3,0.25,0.75,0.5,0.75,0.2857142857142857,26,0.45000000000000007,Medium,0.6333333333333333,Medium,Adequate,Higher Stability
32,Sales,Sales Representative,0,Early Career,1,1,0.0,0.0,3.0,0.0,1.0,12,0.0,Low,0.1,Low,Adequate,Lower Stability
56,Research & Development,Manager,0,Growth Stage,3,2,0.8,0.4,0.4,0.4,0.17857142857142858,65,0.64,High,0.6266666666666667,Medium,Needs Development,Lower Stability
29,Research & Development,Laboratory Technician,0,Mid Career,0,0,0.0,0.8,0.5,0.8,0.1,13,0.32000000000000006,Medium,0.5833333333333334,Medium,Adequate,Higher Stability
19,Research & Development,Research Scientist,0,Early Career,1,1,0.0,1.0,4.0,0.0,1.0,25,0.4,Medium,0.5666666666666667,Medium,Adequate,Lower Stability
45,Research & Development,Research Scientist,0,Growth Stage,0,3,0.0,0.6666666666666666,0.6666666666666666,0.6666666666666666,0.14285714285714285,19,0.26666666666666666,Low,0.5111111111111111,Medium,Adequate,Higher Stability
37,Research & Development,Manufacturing Director,0,Mid Career,2,0,0.21428571428571427,0.5714285714285714,0.14285714285714285,0.7857142857142857,0.14285714285714285,26,0.3571428571428571,Medium,0.5452380952380952,Medium,Needs Development,Higher Stability
20,Research & Development,Laboratory Technician,0,Early Career,3,3,0.5,1.0,1.0,1.0,0.5,12,0.7,High,0.8166666666666667,High,Adequate,Higher Stability
44,Research & Development,Research Scientist,1,Growth Stage,0,3,0.0,0.6666666666666666,0.6666666666666666,0.3333333333333333,0.16666666666666666,11,0.26666666666666666,Low,0.5111111111111111,Medium,Adequate,Lower Stability
53,Research & Development,Manager,0,Mid Career,3,0,0.5714285714285714,1.0,0.8571428571428571,1.0,0.19230769230769232,90,0.7428571428571429,High,0.842857142857143,High,Adequate,Higher Stability
29,Research & Development,Research Scientist,0,Growth Stage,0,3,0.2,0.8,0.4,0.6,0.16666666666666666,18,0.44000000000000006,Medium,0.6466666666666667,High,Needs Development,Lower Stability
22,Research & Development,Research Scientist,1,Early Career,1,1,0.0,0.0,5.0,0.0,1.0,11,0.0,Low,0.03333333333333335,Low,Adequate,Lower Stability
46,Sales,Manager,0,Senior Career,2,0,0.5769230769230769,0.5769230769230769,0.07692307692307693,0.34615384615384615,0.14285714285714285,92,0.5769230769230769,High,0.6589743589743589,High,Needs Development,Lower Stability
44,Research & Development,Research Scientist,0,Early Career,1,1,0.0,0.0,3.0,0.0,0.16666666666666666,13,0.0,Low,0.1,Low,Adequate,Lower Stability
33,Human Resources,Human Resources,0,Growth Stage,0,3,0.2,0.8,0.4,0.8,0.2,13,0.44000000000000006,Medium,0.6466666666666667,High,Needs Development,Higher Stability
41,Research & Development,Research Scientist,1,Early Career,1,1,0.0,0.0,2.0,0.0,0.2,17,0.0,Low,0.13333333333333336,Low,Adequate,Lower Stability
30,Sales,Sales Executive,0,Growth Stage,0,3,0.0,0.75,0.75,0.75,0.25,38,0.30000000000000004,Medium,0.55,Medium,Adequate,Higher Stability
40,Sales,Sales Executive,0,Early Career,1,1,0.0,0.0,2.0,0.0,0.4,24,0.0,Low,0.13333333333333336,Low,Adequate,Lower Stability
50,Research & Development,Manager,0,Early Career,3,2,1.0,1.0,1.5,1.0,0.125,88,1.0,High,0.9500000000000001,High,Adequate,Higher Stability
28,Research & Development,Laboratory Technician,0,Growth Stage,3,3,0.5,0.8333333333333334,0.3333333333333333,0.5,0.16666666666666666,12,0.6333333333333333,High,0.7555555555555555,High,Needs Development,Lower Stability
46,Research & Development,Research Director,0,Growth Stage,0,3,0.0,0.5,0.5,0.75,0.2,55,0.2,Low,0.43333333333333335,Low,Adequate,Higher Stability
35,Sales,Sales Executive,0,Mid Career,0,0,0.14285714285714285,1.0,0.2857142857142857,1.0,0.13333333333333333,30,0.4857142857142857,High,0.7333333333333333,High,Needs Development,Higher Stability
24,Research & Development,Laboratory Technician,1,Early Career,1,1,0.0,0.0,3.0,0.0,1.0,13,0.0,Low,0.1,Low,Adequate,Lower Stability
33,Sales,Sales Executive,0,Mid Career,0,3,0.0,0.7,0.3,0.1,0.2,24,0.27999999999999997,Low,0.54,Medium,Needs Development,Lower Stability
36,Research & Development,Laboratory Technician,0,Mid Career,0,0,0.14285714285714285,1.0,0.5714285714285714,1.0,0.14285714285714285,14,0.4857142857142857,High,0.7238095238095238,High,Adequate,Higher Stability
30,Research & Development,Laboratory Technician,0,Mid Career,2,2,0.8,0.7,0.4,0.9,0.2,26,0.76,High,0.7766666666666666,High,Needs Development,Higher Stability
44,Research & Development,Research Scientist,0,Senior Career,2,0,0.65,0.55,0.15,0.85,0.1,50,0.6100000000000001,High,0.665,High,Needs Development,Higher Stability
20,Sales,Sales Representative,0,Early Career,3,2,1.0,0.5,1.0,1.0,0.5,17,0.8,High,0.7166666666666668,High,Adequate,Higher Stability
46,Research & Development,Manufacturing Director,0,Growth Stage,0,3,0.16666666666666666,0.5,0.5,0.6666666666666666,0.16666666666666666,22,0.3,Medium,0.48333333333333334,Low,Adequate,Higher Stability
42,Human Resources,Human Resources,0,Growth Stage,0,3,0.0,0.75,0.75,0.75,0.2,32,0.30000000000000004,Medium,0.55,Medium,Adequate,Higher Stability
60,Sales,Sales Executive,0,Mid Career,0,0,0.09090909090909091,0.6363636363636364,0.2727272727272727,0.8181818181818182,0.16666666666666666,36,0.30909090909090914,Medium,0.5363636363636364,Medium,Needs Development,Higher Stability
32,Research & Development,Laboratory Technician,0,Early Career,3,2,1.0,1.0,1.0,1.0,0.5,20,1.0,High,0.9666666666666668,High,Adequate,Higher Stability
32,Research & Development,Research Scientist,0,Mid Career,0,0,0.0,0.875,0.25,0.875,0.2,28,0.35000000000000003,Medium,0.6291666666666667,Medium,Needs Development,Higher Stability
36,Research & Development,Manufacturing Director,0,Mid Career,3,2,1.0,1.0,0.2857142857142857,1.0,0.17647058823529413,63,1.0,High,0.9904761904761905,High,Needs Development,Higher Stability
33,Research & Development,Research Scientist,0,Mid Career,2,0,0.2857142857142857,0.7142857142857143,0.35714285714285715,0.7142857142857143,0.06666666666666667,13,0.4571428571428572,Medium,0.6309523809523809,Medium,Needs Development,Higher Stability
40,Sales,Sales Executive,0,Growth Stage,0,3,0.2,0.2,0.4,0.6,0.2857142857142857,24,0.2,Low,0.3466666666666667,Low,Needs Development,Lower Stability
25,Sales,Sales Executive,0,Growth Stage,0,3,0.25,0.75,1.0,0.25,0.4,28,0.45000000000000007,Medium,0.6166666666666667,Medium,Adequate,Lower Stability
30,Research & Development,Research Scientist,0,Mid Career,2,0,0.45454545454545453,0.8181818181818182,0.18181818181818182,0.6363636363636364,0.08333333333333333,21,0.6000000000000001,High,0.7393939393939395,High,Needs Development,Lower Stability
42,Research & Development,Research Director,0,Early Career,1,1,0.0,0.0,6.0,0.0,0.15,51,0.0,Low,0.0,Low,Adequate,Lower Stability
35,Sales,Sales Executive,0,Mid Career,2,3,0.3076923076923077,0.15384615384615385,0.46153846153846156,0.9230769230769231,0.1875,33,0.24615384615384617,Low,0.35384615384615387,Low,Needs Development,Higher Stability
27,Research & Development,Research Scientist,0,Mid Career,2,2,0.6666666666666666,0.7777777777777778,0.3333333333333333,0.8888888888888888,0.1111111111111111,14,0.711111111111111,High,0.7777777777777777,High,Needs Development,Higher Stability
54,Research & Development,Manufacturing Director,0,Growth Stage,0,3,0.2,0.8,0.4,0.8,0.09090909090909091,51,0.44000000000000006,Medium,0.6466666666666667,High,Needs Development,Higher Stability
44,Research & Development,Research Scientist,0,Mid Career,2,2,0.7,0.5,0.5,0.7,0.1,13,0.62,High,0.6433333333333333,Medium,Adequate,Higher Stability
19,Research & Development,Research Scientist,1,Early Career,1,1,0.0,1.0,2.0,0.0,1.0,25,0.4,Medium,0.6333333333333333,Medium,Adequate,Lower Stability
29,Research & Development,Research Scientist,0,Growth Stage,0,3,0.3333333333333333,0.6666666666666666,1.6666666666666667,0.6666666666666666,0.3333333333333333,15,0.4666666666666667,Medium,0.5777777777777778,Medium,Adequate,Higher Stability
54,Research & Development,Research Director,0,Mid Career,0,0,0.0,0.9,0.2,0.9,0.1111111111111111,56,0.36000000000000004,Medium,0.6433333333333334,High,Needs Development,Higher Stability
31,Research & Development,Healthcare Representative,0,Growth Stage,0,3,0.0,0.8333333333333334,0.3333333333333333,0.16666666666666666,0.3333333333333333,24,0.33333333333333337,Medium,0.6055555555555556,Medium,Needs Development,Lower Stability
31,Research & Development,Healthcare Representative,0,Mid Career,0,0,0.1,0.9,0.2,0.8,0.2,38,0.42000000000000004,Medium,0.6733333333333333,High,Needs Development,Higher Stability
59,Sales,Sales Executive,0,Growth Stage,0,3,0.0,0.16666666666666666,0.3333333333333333,0.8333333333333334,0.15384615384615385,34,0.06666666666666667,Low,0.2722222222222222,Low,Needs Development,Higher Stability
43,Research & Development,Research Director,0,Mid Career,0,0,0.0,0.875,0.25,0.875,0.2,70,0.35000000000000003,Medium,0.6291666666666667,Medium,Needs Development,Higher Stability
49,Research & Development,Manager,0,Early Career,1,1,0.0,0.0,2.0,0.0,0.21739130434782608,65,0.0,Low,0.13333333333333336,Low,Adequate,Lower Stability
36,Research & Development,Research Scientist,0,Mid Career,0,0,0.0,0.9090909090909091,0.18181818181818182,0.6363636363636364,0.08333333333333333,12,0.36363636363636365,Medium,0.6484848484848484,High,Needs Development,Lower Stability
48,Research & Development,Laboratory Technician,0,Early Career,1,1,0.0,0.0,4.0,0.0,0.14285714285714285,11,0.0,Low,0.06666666666666668,Low,Adequate,Lower Stability
27,Research & Development,Research Scientist,0,Growth Stage,0,3,0.0,0.6,0.4,0.6,0.2,11,0.24,Low,0.4866666666666667,Low,Needs Development,Lower Stability
29,Research & Development,Healthcare Representative,0,Growth Stage,1,1,0.16666666666666666,0.0,0.3333333333333333,0.0,0.3333333333333333,22,0.09999999999999999,Low,0.23888888888888887,Low,Needs Development,Lower Stability
48,Research & Development,Research Director,0,Early Career,1,1,0.0,0.0,3.0,0.0,0.2,60,0.0,Low,0.1,Low,Adequate,Lower Stability
29,Research & Development,Research Director,0,Mid Career,0,0,0.14285714285714285,1.0,0.2857142857142857,1.0,0.4444444444444444,56,0.4857142857142857,High,0.7333333333333333,High,Needs Development,Higher Stability
34,Research & Development,Research Scientist,0,Early Career,1,1,0.0,0.0,5.0,0.0,0.5,17,0.0,Low,0.03333333333333335,Low,Adequate,Lower Stability
44,Sales,Manager,0,Senior Career,2,0,0.13636363636363635,0.4090909090909091,0.22727272727272727,0.45454545454545453,0.19230769230769232,55,0.24545454545454548,Low,0.4378787878787879,Low,Needs Development,Lower Stability
33,Sales,Sales Executive,0,Mid Career,0,0,0.0,0.8888888888888888,0.3333333333333333,0.8888888888888888,0.3,42,0.35555555555555557,Medium,0.6333333333333333,Medium,Needs Development,Higher Stability
19,Research & Development,Research Scientist,0,Early Career,1,1,0.0,0.0,2.0,1.0,1.0,12,0.0,Low,0.13333333333333336,Low,Adequate,Higher Stability
23,Research & Development,Research Scientist,0,Early Career,1,1,0.0,0.0,2.0,1.0,1.0,22,0.0,Low,0.13333333333333336,Low,Adequate,Higher Stability
25,Sales,Sales Representative,1,Early Career,1,1,1.0,0.0,4.0,0.0,1.0,14,0.6,High,0.3666666666666667,Low,Adequate,Lower Stability
26,Research & Development,Research Scientist,0,Mid Career,0,3,0.25,0.625,0.25,0.25,0.125,20,0.4,Medium,0.5791666666666667,Medium,Needs Development,Lower Stability
45,Sales,Manager,1,Senior Career,2,0,0.041666666666666664,0.4166666666666667,0.08333333333333333,0.4583333333333333,0.19230769230769232,80,0.19166666666666668,Low,0.41805555555555557,Low,Needs Development,Lower Stability
55,Research & Development,Healthcare Representative,0,Senior Career,2,0,0.45454545454545453,0.2727272727272727,0.09090909090909091,0.0,0.11764705882352941,60,0.3818181818181818,Medium,0.4696969696969697,Low,Needs Development,Lower Stability
21,Research & Development,Laboratory Technician,1,Early Career,3,2,1.0,1.0,1.0,1.0,0.5,20,1.0,High,0.9666666666666668,High,Adequate,Higher Stability
46,Sales,Manager,0,Mid Career,0,3,0.0,0.36363636363636365,0.18181818181818182,0.7272727272727273,0.19230769230769232,70,0.14545454545454548,Low,0.3757575757575758,Low,Needs Development,Higher Stability
34,Sales,Sales Executive,0,Growth Stage,0,3,0.0,0.6666666666666666,1.0,0.6666666666666666,0.5,24,0.26666666666666666,Low,0.5,Medium,Adequate,Higher Stability
51,Sales,Manager,0,Senior Career,2,0,0.3793103448275862,0.3448275862068966,0.1724137931034483,0.3448275862068966,0.16129032258064516,120,0.36551724137931035,Medium,0.48045977011494256,Low,Needs Development,Lower Stability
59,Research & Development,Manufacturing Director,0,Mid Career,3,3,0.5555555555555556,0.7777777777777778,0.6666666666666666,0.4444444444444444,0.12,36,0.6444444444444444,High,0.7333333333333334,High,Adequate,Lower Stability
34,Research & Development,Laboratory Technician,0,Mid Career,2,0,0.45454545454545453,0.7272727272727273,0.18181818181818182,0.9090909090909091,0.13333333333333333,26,0.5636363636363637,High,0.693939393939394,High,Needs Development,Higher Stability
28,Research & Development,Laboratory Technician,0,Growth Stage,0,3,0.0,0.5,0.5,0.5,0.2,11,0.2,Low,0.43333333333333335,Low,Adequate,Lower Stability
44,Research & Development,Manager,0,Senior Career,2,0,0.56,0.36,0.16,0.52,0.19230769230769232,70,0.48,High,0.5426666666666666,Medium,Needs Development,Lower Stability
34,Human Resources,Human Resources,0,Mid Career,0,0,0.1,0.9,0.5,0.8,0.14285714285714285,22,0.42000000000000004,Medium,0.6633333333333333,High,Adequate,Higher Stability
35,Research & Development,Research Scientist,0,Growth Stage,3,2,0.6666666666666666,0.6666666666666666,1.0,0.6666666666666666,0.25,14,0.6666666666666666,High,0.7,High,Adequate,Higher Stability
42,Research & Development,Research Scientist,0,Early Career,1,1,0.0,0.0,2.0,0.0,0.1111111111111111,32,0.0,Low,0.13333333333333336,Low,Adequate,Lower Stability
43,Sales,Sales Executive,0,Senior Career,2,0,0.7142857142857143,0.3333333333333333,0.14285714285714285,0.8095238095238095,0.13043478260869565,42,0.5619047619047619,High,0.5761904761904761,Medium,Needs Development,Higher Stability
36,Research & Development,Manufacturing Director,0,Senior Career,2,0,0.3125,0.875,0.125,0.75,0.1111111111111111,22,0.5375000000000001,High,0.7270833333333333,High,Needs Development,Higher Stability
44,Research & Development,Healthcare Representative,1,Mid Career,0,0,0.0,0.7,0.2,0.5,0.3,33,0.27999999999999997,Low,0.5433333333333333,Medium,Needs Development,Lower Stability
28,Research & Development,Laboratory Technician,0,Early Career,3,2,1.0,1.0,1.0,1.0,0.5,12,1.0,High,0.9666666666666668,High,Adequate,Higher Stability
51,Research & Development,Laboratory Technician,0,Mid Career,3,2,1.0,0.0,0.8571428571428571,1.0,0.125,14,0.6,High,0.4714285714285714,Low,Adequate,Higher Stability
30,Research & Development,Manufacturing Director,0,Mid Career,0,3,0.125,0.5,0.375,0.875,0.2,36,0.275,Low,0.475,Low,Needs Development,Higher Stability
29,Research & Development,Laboratory Technician,1,Mid Career,3,2,1.0,1.0,0.2857142857142857,1.0,0.1,13,1.0,High,0.9904761904761905,High,Needs Development,Higher Stability
28,Research & Development,Research Scientist,0,Growth Stage,0,3,0.3333333333333333,0.6666666666666666,0.6666666666666666,0.6666666666666666,0.2,11,0.4666666666666667,Medium,0.6111111111111112,Medium,Adequate,Higher Stability
25,Research & Development,Research Scientist,0,Early Career,3,2,1.0,1.0,1.5,0.5,0.5,18,1.0,High,0.9500000000000001,High,Adequate,Lower Stability
32,Sales,Sales Executive,0,Mid Career,0,0,0.0,0.7,0.4,0.8,0.2,30,0.27999999999999997,Low,0.5366666666666666,Medium,Needs Development,Higher Stability
45,Research & Development,Manager,0,Early Career,1,1,0.0,0.0,4.0,0.0,0.22727272727272727,110,0.0,Low,0.06666666666666668,Low,Adequate,Lower Stability
39,Research & Development,Manager,0,Senior Career,2,0,0.7894736842105263,0.47368421052631576,0.21052631578947367,0.10526315789473684,0.19047619047619047,52,0.6631578947368421,High,0.6666666666666666,High,Needs Development,Lower Stability
58,Research & Development,Research Scientist,0,Early Career,3,2,1.0,1.0,1.5,1.0,0.5,12,1.0,High,0.9500000000000001,High,Adequate,Higher Stability
32,Research & Development,Laboratory Technician,1,Mid Career,0,3,0.1,0.4,0.3,0.1,0.2,36,0.22000000000000003,Low,0.42000000000000004,Low,Needs Development,Lower Stability
39,Research & Development,Research Scientist,1,Growth Stage,0,3,0.0,0.4,0.4,0.6,0.16666666666666666,13,0.16000000000000003,Low,0.3866666666666667,Low,Needs Development,Lower Stability
30,Research & Development,Laboratory Technician,0,Mid Career,3,2,0.6666666666666666,0.2222222222222222,0.6666666666666666,0.7777777777777778,0.2,24,0.4888888888888889,High,0.48888888888888893,Medium,Adequate,Higher Stability
36,Research & Development,Healthcare Representative,0,Mid Career,0,0,0.14285714285714285,1.0,0.0,1.0,0.3,36,0.4857142857142857,High,0.7428571428571429,High,Needs Development,Higher Stability
46,Human Resources,Human Resources,0,Mid Career,3,0,0.7142857142857143,0.8571428571428571,0.42857142857142855,1.0,0.1,12,0.7714285714285714,High,0.8285714285714285,High,Needs Development,Higher Stability
28,Research & Development,Laboratory Technician,0,Mid Career,3,2,0.7777777777777778,0.8888888888888888,0.6666666666666666,0.5555555555555556,0.2,22,0.8222222222222222,High,0.8555555555555556,High,Adequate,Lower Stability
50,Research & Development,Research Director,0,Growth Stage,0,3,0.3333333333333333,0.6666666666666666,0.6666666666666666,0.6666666666666666,0.16,44,0.4666666666666667,Medium,0.6111111111111112,Medium,Adequate,Higher Stability
40,Sales,Sales Executive,1,Growth Stage,0,3,0.2,0.8,0.4,0.0,0.3333333333333333,36,0.44000000000000006,Medium,0.6466666666666667,High,Needs Development,Lower Stability
52,Sales,Sales Executive,1,Mid Career,3,2,0.875,0.875,0.25,0.875,0.3,57,0.875,High,0.8916666666666666,High,Needs Development,Higher Stability
30,Research & Development,Manager,0,Mid Career,0,3,0.0,0.1111111111111111,0.2222222222222222,0.8888888888888888,0.3333333333333333,69,0.044444444444444446,Low,0.24814814814814817,Low,Needs Development,Higher Stability
39,Research & Development,Manufacturing Director,0,Mid Career,0,0,0.125,0.875,0.75,0.875,0.2222222222222222,22,0.42500000000000004,Medium,0.65,High,Adequate,Higher Stability
31,Sales,Sales Executive,0,Mid Career,2,2,0.9,0.8,0.5,0.6,0.3,57,0.8600000000000001,High,0.8533333333333334,High,Adequate,Lower Stability
41,Sales,Sales Executive,0,Senior Career,2,0,0.5789473684210527,0.10526315789473684,0.21052631578947367,0.47368421052631576,0.10526315789473684,26,0.38947368421052636,Medium,0.4192982456140351,Low,Needs Development,Lower Stability
31,Sales,Sales Representative,1,Growth Stage,3,2,0.6666666666666666,0.6666666666666666,0.6666666666666666,0.6666666666666666,0.3333333333333333,11,0.6666666666666666,High,0.7111111111111111,High,Adequate,Higher Stability
44,Research & Development,Laboratory Technician,1,Growth Stage,0,3,0.3333333333333333,0.6666666666666666,1.3333333333333333,0.6666666666666666,0.1,12,0.4666666666666667,Medium,0.5888888888888889,Medium,Adequate,Higher Stability
42,Research & Development,Manager,0,Senior Career,2,0,0.1,0.4,0.15,0.5,0.19047619047619047,52,0.22000000000000003,Low,0.42500000000000004,Low,Needs Development,Lower Stability
55,Research & Development,Manager,0,Senior Career,2,0,0.47368421052631576,0.47368421052631576,0.2631578947368421,0.5789473684210527,0.21739130434782608,70,0.4736842105263158,High,0.5701754385964912,Medium,Needs Development,Lower Stability
56,Human Resources,Manager,0,Mid Career,3,2,1.0,0.42857142857142855,0.5714285714285714,1.0,0.1388888888888889,70,0.7714285714285714,High,0.6952380952380952,High,Adequate,Higher Stability
40,Research & Development,Research Scientist,0,Growth Stage,0,3,0.0,0.5,0.0,0.0,0.16666666666666666,16,0.2,Low,0.45,Low,Needs Development,Lower Stability
34,Research & Development,Healthcare Representative,0,Mid Career,0,0,0.1111111111111111,0.7777777777777778,0.0,0.6666666666666666,0.3,33,0.37777777777777777,Medium,0.6222222222222222,Medium,Needs Development,Higher Stability
40,Research & Development,Research Scientist,0,Mid Career,2,2,0.8888888888888888,0.8888888888888888,0.4444444444444444,0.8888888888888888,0.2222222222222222,26,0.8888888888888888,High,0.8962962962962963,High,Needs Development,Higher Stability
41,Sales,Sales Executive,0,Mid Career,0,3,0.1111111111111111,0.3333333333333333,0.2222222222222222,0.7777777777777778,0.2,34,0.2,Low,0.3925925925925926,Low,Needs Development,Higher Stability
35,Research & Development,Research Scientist,0,Mid Career,0,3,0.1111111111111111,0.6666666666666666,0.3333333333333333,0.1111111111111111,0.2222222222222222,22,0.3333333333333333,Medium,0.5555555555555556,Medium,Needs Development,Lower Stability
51,Human Resources,Manager,0,Senior Career,2,0,0.0,0.2727272727272727,0.06060606060606061,0.30303030303030304,0.12121212121212122,44,0.10909090909090909,Low,0.3343434343434344,Low,Needs Development,Lower Stability
38,Sales,Sales Executive,0,Mid Career,0,0,0.14285714285714285,1.0,0.42857142857142855,1.0,0.18181818181818182,30,0.4857142857142857,High,0.7285714285714285,High,Needs Development,Higher Stability
34,Sales,Sales Executive,0,Mid Career,2,2,0.9,0.8,0.6,0.6,0.2,24,0.8600000000000001,High,0.8500000000000001,High,Adequate,Lower Stability
25,Research & Development,Laboratory Technician,0,Growth Stage,0,3,0.3333333333333333,0.6666666666666666,2.0,0.6666666666666666,0.14285714285714285,11,0.4666666666666667,Medium,0.5666666666666667,Medium,Adequate,Higher Stability
58,Research & Development,Manufacturing Director,1,Mid Career,2,0,0.5,0.9,0.0,0.9,0.0967741935483871,42,0.66,High,0.8,High,Needs Development,Higher Stability
40,Research & Development,Laboratory Technician,0,Growth Stage,0,3,0.0,0.5,0.75,0.75,0.14285714285714285,22,0.2,Low,0.42500000000000004,Low,Adequate,Higher Stability
36,Sales,Sales Executive,0,Senior Career,2,0,0.4,0.4666666666666667,0.13333333333333333,0.8666666666666667,0.11764705882352941,32,0.42666666666666664,Medium,0.5488888888888889,Medium,Needs Development,Higher Stability
48,Research & Development,Manufacturing Director,0,Mid Career,0,0,0.0,0.9,0.2,0.8,0.2727272727272727,33,0.36000000000000004,Medium,0.6433333333333334,High,Needs Development,Higher Stability
27,Sales,Sales Representative,0,Early Career,1,1,0.0,0.0,4.0,0.0,0.2,14,0.0,Low,0.06666666666666668,Low,Adequate,Lower Stability
51,Research & Development,Manufacturing Director,0,Growth Stage,0,3,0.0,0.4,0.2,0.6,0.13793103448275862,64,0.16000000000000003,Low,0.39333333333333337,Low,Needs Development,Lower Stability
18,Research & Development,Laboratory Technician,0,Early Career,1,1,0.0,0.0,5.0,0.0,1.0,15,0.0,Low,0.03333333333333335,Low,Adequate,Lower Stability
35,Research & Development,Laboratory Technician,0,Mid Career,0,3,0.0,0.7777777777777778,0.0,0.0,0.2,24,0.3111111111111111,Medium,0.5888888888888889,Medium,Needs Development,Lower Stability
27,Sales,Sales Executive,0,Growth Stage,0,3,0.0,0.3333333333333333,0.5,0.0,0.25,40,0.13333333333333333,Low,0.35,Low,Adequate,Lower Stability
55,Sales,Sales Executive,1,Senior Career,2,0,0.15789473684210525,0.3684210526315789,0.10526315789473684,0.42105263157894735,0.16666666666666666,68,0.2421052631578947,Low,0.4280701754385965,Low,Needs Development,Lower Stability
56,Research & Development,Manufacturing Director,0,Senior Career,2,0,0.7894736842105263,0.8421052631578947,0.0,0.47368421052631576,0.12121212121212122,48,0.8105263157894737,High,0.8578947368421053,High,Needs Development,Lower Stability
34,Research & Development,Research Scientist,0,Growth Stage,0,3,0.0,0.8,0.4,0.0,0.2,20,0.32000000000000006,Medium,0.5866666666666667,Medium,Needs Development,Lower Stability
40,Research & Development,Healthcare Representative,0,Mid Career,2,0,0.9166666666666666,0.9166666666666666,0.0,0.6666666666666666,0.13333333333333333,40,0.9166666666666666,High,0.9333333333333333,High,Needs Development,Higher Stability
34,Research & Development,Laboratory Technician,0,Mid Career,3,2,0.875,0.875,0.125,0.875,0.2,26,0.875,High,0.8958333333333333,High,Needs Development,Higher Stability
31,Sales,Sales Representative,1,Early Career,1,1,0.0,0.0,3.0,0.0,0.3333333333333333,14,0.0,Low,0.1,Low,Adequate,Lower Stability
35,Sales,Sales Executive,1,Growth Stage,3,2,0.75,0.5,0.0,0.5,0.4,36,0.6499999999999999,High,0.675,High,Needs Development,Lower Stability
38,Research & Development,Research Scientist,0,Growth Stage,0,3,0.0,0.5,0.5,0.75,0.25,11,0.2,Low,0.43333333333333335,Low,Adequate,Higher Stability
34,Research & Development,Healthcare Representative,0,Mid Career,2,0,0.2857142857142857,0.7857142857142857,0.14285714285714285,0.7857142857142857,0.14285714285714285,22,0.48571428571428565,High,0.6738095238095237,High,Needs Development,Higher Stability
28,Sales,Sales Executive,0,Growth Stage,0,3,0.0,0.6,0.0,0.8,0.4,22,0.24,Low,0.5,Medium,Needs Development,Higher Stability
31,Research & Development,Manufacturing Director,1,Mid Career,3,2,0.6,0.2,0.3,0.7,0.2,30,0.44,Medium,0.47000000000000003,Low,Needs Development,Higher Stability
39,Sales,Sales Executive,0,Growth Stage,0,3,0.2,0.8,0.4,0.8,0.25,24,0.44000000000000006,Medium,0.6466666666666667,High,Needs Development,Higher Stability
51,Sales,Sales Executive,0,Growth Stage,3,2,0.75,0.5,1.25,0.5,0.21428571428571427,33,0.6499999999999999,High,0.6333333333333333,Medium,Adequate,Lower Stability
41,Research & Development,Research Scientist,0,Growth Stage,0,3,0.5,0.3333333333333333,0.6666666666666666,0.5,0.16666666666666666,28,0.43333333333333335,Medium,0.49444444444444446,Medium,Adequate,Lower Stability
37,Research & Development,Research Scientist,0,Growth Stage,0,3,0.16666666666666666,0.6666666666666666,0.3333333333333333,0.5,0.125,15,0.36666666666666664,Medium,0.5722222222222222,Medium,Needs Development,Lower Stability
33,Sales,Sales Executive,0,Growth Stage,0,3,0.2,0.8,0.4,0.4,0.25,26,0.44000000000000006,Medium,0.6466666666666667,High,Needs Development,Lower Stability
32,Sales,Sales Executive,0,Growth Stage,0,3,0.3333333333333333,0.6666666666666666,1.0,0.6666666666666666,0.5,26,0.4666666666666667,Medium,0.6000000000000001,Medium,Adequate,Higher Stability
39,Research & Development,Healthcare Representative,0,Growth Stage,0,3,0.0,0.6666666666666666,0.3333333333333333,0.8333333333333334,0.23076923076923078,63,0.26666666666666666,Low,0.5222222222222221,Medium,Needs Development,Higher Stability
25,Sales,Sales Executive,0,Growth Stage,0,3,0.3333333333333333,0.6666666666666666,1.0,0.6666666666666666,0.3333333333333333,22,0.4666666666666667,Medium,0.6000000000000001,Medium,Adequate,Higher Stability
52,Research & Development,Manufacturing Director,0,Growth Stage,0,3,0.0,0.6,0.6,0.4,0.16666666666666666,44,0.24,Low,0.48,Low,Adequate,Lower Stability
43,Research & Development,Research Scientist,0,Senior Career,2,0,0.05,0.35,0.15,0.4,0.1,28,0.16999999999999998,Low,0.385,Low,Needs Development,Lower Stability
27,Sales,Sales Executive,0,Growth Stage,3,2,0.6666666666666666,0.3333333333333333,0.5,0.6666666666666666,0.3333333333333333,22,0.5333333333333333,High,0.55,Medium,Adequate,Higher Stability
27,Research & Development,Research Scientist,1,Mid Career,3,2,0.875,0.25,0.25,0.875,0.125,13,0.625,High,0.5791666666666667,Medium,Needs Development,Higher Stability
26,Research & Development,Research Scientist,0,Growth Stage,0,3,0.25,0.75,0.5,0.25,0.2,12,0.45000000000000007,Medium,0.6333333333333333,Medium,Adequate,Lower Stability
42,Human Resources,Manager,0,Senior Career,2,0,0.0,0.35,0.25,0.45,0.19047619047619047,56,0.13999999999999999,Low,0.3666666666666667,Low,Needs Development,Lower Stability
52,Research & Development,Laboratory Technician,0,Growth Stage,0,3,0.0,0.8,0.4,0.8,0.08333333333333333,13,0.32000000000000006,Medium,0.5866666666666667,Medium,Needs Development,Higher Stability
37,Research & Development,Laboratory Technician,0,Growth Stage,0,3,0.0,0.6666666666666666,2.0,0.6666666666666666,0.125,18,0.26666666666666666,Low,0.4666666666666667,Low,Adequate,Higher Stability
35,Research & Development,Manufacturing Director,0,Early Career,3,2,1.0,1.0,1.0,1.0,0.3,33,1.0,High,0.9666666666666668,High,Adequate,Higher Stability
25,Research & Development,Laboratory Technician,0,Growth Stage,0,3,0.0,0.6666666666666666,0.6666666666666666,0.6666666666666666,0.14285714285714285,11,0.26666666666666666,Low,0.5111111111111111,Medium,Adequate,Higher Stability
26,Research & Development,Laboratory Technician,0,Mid Career,0,0,0.0,1.0,0.2857142857142857,1.0,0.125,12,0.4,Medium,0.6904761904761905,High,Needs Development,Higher Stability
29,Human Resources,Human Resources,0,Mid Career,0,0,0.0,0.9,0.3,0.9,0.3,39,0.36000000000000004,Medium,0.6400000000000001,Medium,Needs Development,Higher Stability
49,Research & Development,Laboratory Technician,1,Growth Stage,0,3,0.25,0.75,0.5,0.75,0.1,40,0.45000000000000007,Medium,0.6333333333333333,Medium,Adequate,Higher Stability
29,Research & Development,Healthcare Representative,1,Mid Career,3,2,0.875,0.875,0.125,0.875,0.3333333333333333,36,0.875,High,0.8958333333333333,High,Needs Development,Higher Stability
54,Research & Development,Research Director,0,Senior Career,2,0,0.6,0.35,0.15,0.35,0.13793103448275862,76,0.5,High,0.55,Medium,Needs Development,Lower Stability
58,Research & Development,Research Director,0,Mid Career,0,0,0.1111111111111111,0.8888888888888888,0.3333333333333333,0.5555555555555556,0.15625,105,0.4222222222222222,Medium,0.6666666666666666,High,Needs Development,Lower Stability
55,Research & Development,Research Director,0,Mid Career,0,3,0.0,1.0,0.5714285714285714,0.0,0.12903225806451613,52,0.4,Medium,0.680952380952381,High,Adequate,Lower Stability
36,Sales,Sales Executive,0,Growth Stage,0,3,0.0,0.8,0.6,0.2,0.13333333333333333,32,0.32000000000000006,Medium,0.5800000000000001,Medium,Adequate,Lower Stability
31,Sales,Sales Representative,1,Early Career,1,1,0.0,0.0,3.0,0.0,1.0,12,0.0,Low,0.1,Low,Adequate,Lower Stability
30,Sales,Sales Executive,0,Growth Stage,0,3,0.0,0.6666666666666666,1.0,0.6666666666666666,0.25,28,0.26666666666666666,Low,0.5,Medium,Adequate,Higher Stability
31,Research & Development,Research Director,0,Growth Stage,0,3,0.3333333333333333,0.6666666666666666,1.0,0.0,0.4444444444444444,44,0.4666666666666667,Medium,0.6000000000000001,Medium,Adequate,Lower Stability
34,Research & Development,Research Scientist,0,Growth Stage,0,3,0.25,0.75,0.5,0.75,0.1,14,0.45000000000000007,Medium,0.6333333333333333,Medium,Adequate,Higher Stability
31,Research & Development,Research Scientist,1,Early Career,1,1,0.0,0.0,3.0,0.0,1.0,12,0.0,Low,0.1,Low,Adequate,Lower Stability
27,Research & Development,Laboratory Technician,0,Growth Stage,0,3,0.2,0.0,0.6,0.8,0.16666666666666666,14,0.12,Low,0.24000000000000002,Low,Adequate,Higher Stability
36,Research & Development,Laboratory Technician,0,Mid Career,0,3,0.1,0.4,0.2,0.8,0.2,32,0.22000000000000003,Low,0.42333333333333334,Low,Needs Development,Higher Stability
36,Sales,Sales Executive,0,Growth Stage,0,3,0.0,0.6666666666666666,1.0,0.6666666666666666,0.18181818181818182,26,0.26666666666666666,Low,0.5,Medium,Adequate,Higher Stability
47,Research & Development,Research Scientist,0,Growth Stage,0,3,0.16666666666666666,0.8333333333333334,0.3333333333333333,0.3333333333333333,0.058823529411764705,12,0.43333333333333335,Medium,0.6555555555555556,High,Needs Development,Lower Stability
25,Sales,Sales Representative,1,Growth Stage,3,2,0.6666666666666666,0.6666666666666666,0.6666666666666666,0.6666666666666666,0.16666666666666666,12,0.6666666666666666,High,0.7111111111111111,High,Adequate,Higher Stability
37,Research & Development,Laboratory Technician,0,Growth Stage,0,3,0.16666666666666666,0.8333333333333334,0.3333333333333333,0.5,0.14285714285714285,14,0.43333333333333335,Medium,0.6555555555555556,High,Needs Development,Lower Stability
56,Research & Development,Research Scientist,0,Growth Stage,0,3,0.3333333333333333,0.6666666666666666,1.0,0.0,0.2,22,0.4666666666666667,Medium,0.6000000000000001,Medium,Adequate,Lower Stability
47,Research & Development,Research Director,0,Senior Career,2,0,0.25,0.85,0.1,0.3,0.15384615384615385,76,0.49,High,0.6966666666666667,High,Needs Development,Lower Stability
24,Sales,Sales Executive,0,Growth Stage,0,3,0.0,0.8,0.6,0.6,0.4,24,0.32000000000000006,Medium,0.5800000000000001,Medium,Adequate,Lower Stability
32,Sales,Sales Executive,0,Growth Stage,0,3,0.0,0.75,0.75,0.75,0.2857142857142857,24,0.30000000000000004,Medium,0.55,Medium,Adequate,Higher Stability
34,Research & Development,Laboratory Technician,0,Growth Stage,0,3,0.0,0.8,0.4,0.4,0.14285714285714285,17,0.32000000000000006,Medium,0.5866666666666667,Medium,Needs Development,Lower Stability
41,Research & Development,Research Scientist,0,Growth Stage,0,3,0.0,0.5,1.25,0.75,0.14285714285714285,12,0.2,Low,0.4083333333333333,Low,Adequate,Higher Stability
40,Research & Development,Laboratory Technician,0,Mid Career,0,0,0.0,0.875,0.25,0.875,0.18181818181818182,22,0.35000000000000003,Medium,0.6291666666666667,Medium,Needs Development,Higher Stability
31,Sales,Sales Executive,0,Mid Career,2,0,0.6923076923076923,0.5384615384615384,0.38461538461538464,0.6923076923076923,0.23076923076923078,54,0.6307692307692307,High,0.6641025641025641,High,Needs Development,Higher Stability
46,Sales,Sales Executive,1,Mid Career,3,3,0.5714285714285714,1.0,0.14285714285714285,0.42857142857142855,0.10714285714285714,33,0.7428571428571429,High,0.8666666666666667,High,Needs Development,Lower Stability
39,Research & Development,Laboratory Technician,1,Early Career,1,1,0.0,0.0,2.0,0.0,0.09090909090909091,23,0.0,Low,0.13333333333333336,Low,Adequate,Lower Stability
31,Research & Development,Manufacturing Director,1,Mid Career,2,0,0.4,0.8,0.2,0.7,0.3,33,0.56,High,0.7133333333333334,High,Needs Development,Higher Stability
45,Research & Development,Healthcare Representative,0,Mid Career,0,0,0.0,1.0,0.2857142857142857,1.0,0.125,54,0.4,Medium,0.6904761904761905,High,Needs Development,Higher Stability
31,Human Resources,Human Resources,0,Growth Stage,0,3,0.0,0.6666666666666666,1.0,0.6666666666666666,0.125,18,0.26666666666666666,Low,0.5,Medium,Adequate,Higher Stability
31,Research & Development,Laboratory Technician,1,Early Career,3,2,1.0,1.0,1.0,1.0,0.14285714285714285,13,1.0,High,0.9666666666666668,High,Adequate,Higher Stability
45,Research & Development,Manufacturing Director,0,Growth Stage,0,3,0.3333333333333333,0.3333333333333333,1.3333333333333333,0.6666666666666666,0.3,54,0.3333333333333333,Medium,0.4222222222222222,Low,Adequate,Higher Stability
48,Sales,Sales Executive,0,Early Career,3,2,1.0,1.0,1.5,1.0,0.13333333333333333,22,1.0,High,0.9500000000000001,High,Adequate,Higher Stability
34,Human Resources,Human Resources,1,Early Career,3,2,1.0,1.0,0.0,1.0,0.5,15,1.0,High,1.0,High,Needs Development,Higher Stability
40,Research & Development,Research Director,0,Mid Career,2,0,0.4444444444444444,0.8888888888888888,0.5555555555555556,0.8888888888888888,0.1875,33,0.6222222222222222,High,0.7592592592592592,High,Adequate,Higher Stability
28,Sales,Sales Executive,0,Growth Stage,0,3,0.2,0.8,0.8,0.6,0.3333333333333333,36,0.44000000000000006,Medium,0.6333333333333333,Medium,Adequate,Lower Stability
44,Research & Development,Laboratory Technician,0,Growth Stage,0,3,0.0,0.4,1.0,0.6,0.14285714285714285,14,0.16000000000000003,Low,0.3666666666666667,Low,Adequate,Lower Stability
53,Research & Development,Research Director,0,Mid Career,2,2,0.8888888888888888,0.8888888888888888,0.2222222222222222,0.8888888888888888,0.11428571428571428,48,0.8888888888888888,High,0.9037037037037037,High,Needs Development,Higher Stability
49,Research & Development,Healthcare Representative,0,Growth Stage,0,3,0.3333333333333333,0.6666666666666666,0.0,0.6666666666666666,0.1,28,0.4666666666666667,Medium,0.6333333333333333,Medium,Needs Development,Higher Stability
40,Research & Development,Research Scientist,0,Growth Stage,0,3,0.3333333333333333,0.3333333333333333,1.0,0.6666666666666666,0.125,14,0.3333333333333333,Medium,0.43333333333333335,Low,Adequate,Higher Stability
44,Research & Development,Research Scientist,0,Growth Stage,0,3,0.2,0.4,0.6,0.6,0.16666666666666666,13,0.28,Medium,0.44000000000000006,Low,Adequate,Lower Stability
33,Sales,Sales Executive,0,Growth Stage,0,3,0.0,0.75,0.5,0.75,0.4,28,0.30000000000000004,Medium,0.5583333333333333,Medium,Adequate,Higher Stability
34,Sales,Sales Executive,0,Mid Career,2,0,0.23076923076923078,0.6923076923076923,0.15384615384615385,0.9230769230769231,0.13333333333333333,36,0.4153846153846154,Medium,0.6102564102564102,Medium,Needs Development,Higher Stability
30,Sales,Sales Executive,0,Early Career,3,2,1.0,0.5,1.0,1.0,0.5,30,0.8,High,0.7166666666666668,High,Adequate,Higher Stability
42,Research & Development,Laboratory Technician,0,Mid Career,2,0,0.4166666666666667,0.75,0.25,0.6666666666666666,0.08333333333333333,13,0.55,High,0.6916666666666667,High,Needs Development,Higher Stability
44,Sales,Sales Executive,0,Early Career,1,1,0.0,0.0,4.0,0.0,0.18181818181818182,24,0.0,Low,0.06666666666666668,Low,Adequate,Lower Stability
30,Research & Development,Research Scientist,0,Early Career,1,1,0.0,0.0,2.0,0.0,1.0,13,0.0,Low,0.13333333333333336,Low,Adequate,Lower Stability
57,Research & Development,Research Scientist,0,Mid Career,2,0,0.16666666666666666,0.75,0.16666666666666666,0.6666666666666666,0.15384615384615385,48,0.4,Medium,0.6194444444444445,Medium,Needs Development,Higher Stability
49,Research & Development,Healthcare Representative,0,Mid Career,0,0,0.0,0.875,0.375,0.875,0.10344827586206896,42,0.35000000000000003,Medium,0.625,Medium,Needs Development,Higher Stability
34,Research & Development,Research Director,0,Mid Career,2,0,0.42857142857142855,0.5714285714285714,0.21428571428571427,0.6428571428571429,0.25,56,0.48571428571428565,High,0.6071428571428571,Medium,Needs Development,Lower Stability
28,Sales,Sales Representative,1,Growth Stage,0,3,0.3333333333333333,0.6666666666666666,1.0,0.6666666666666666,0.2,15,0.4666666666666667,Medium,0.6000000000000001,Medium,Adequate,Higher Stability
29,Sales,Sales Executive,1,Growth Stage,0,3,0.0,0.6,0.8,0.0,0.2857142857142857,22,0.24,Low,0.47333333333333333,Low,Adequate,Lower Stability
34,Sales,Sales Executive,1,Senior Career,2,0,0.6666666666666666,0.6,0.13333333333333333,0.6666666666666666,0.125,46,0.6399999999999999,High,0.6955555555555555,High,Needs Development,Higher Stability
35,Sales,Sales Representative,0,Early Career,1,1,0.0,0.0,3.0,0.0,1.0,13,0.0,Low,0.1,Low,Adequate,Lower Stability
24,Research & Development,Laboratory Technician,1,Early Career,1,1,0.0,0.0,2.0,0.0,0.25,11,0.0,Low,0.13333333333333336,Low,Adequate,Lower Stability
24,Sales,Sales Representative,0,Early Career,1,1,0.0,0.0,2.0,0.0,1.0,13,0.0,Low,0.13333333333333336,Low,Adequate,Lower Stability
44,Research & Development,Manufacturing Director,0,Early Career,3,2,1.0,1.0,1.0,1.0,0.1875,54,1.0,High,0.9666666666666668,High,Adequate,Higher Stability
29,Sales,Sales Executive,0,Mid Career,0,0,0.0,0.7,0.3,0.4,0.2,28,0.27999999999999997,Low,0.54,Medium,Needs Development,Lower Stability
30,Human Resources,Human Resources,0,Growth Stage,0,3,0.2,0.6,0.6,0.6,0.16666666666666666,21,0.36,Medium,0.54,Medium,Adequate,Lower Stability
55,Research & Development,Healthcare Representative,0,Growth Stage,0,3,0.3333333333333333,0.6666666666666666,0.6666666666666666,0.6666666666666666,0.5,32,0.4666666666666667,Medium,0.6111111111111112,Medium,Adequate,Higher Stability
33,Research & Development,Laboratory Technician,0,Growth Stage,0,3,0.0,0.8,1.0,0.4,0.125,11,0.32000000000000006,Medium,0.5666666666666667,Medium,Adequate,Lower Stability
47,Sales,Sales Executive,0,Growth Stage,0,3,0.2,0.8,0.8,0.4,0.18181818181818182,34,0.44000000000000006,Medium,0.6333333333333333,Medium,Adequate,Lower Stability
28,Research & Development,Laboratory Technician,1,Early Career,1,1,0.0,0.0,2.0,0.0,0.125,11,0.0,Low,0.13333333333333336,Low,Adequate,Lower Stability
28,Research & Development,Research Scientist,0,Early Career,1,1,0.0,0.0,2.0,0.0,1.0,14,0.0,Low,0.13333333333333336,Low,Adequate,Lower Stability
28,Sales,Sales Executive,0,Growth Stage,0,3,0.25,0.5,1.25,0.75,0.4,28,0.35,Medium,0.4833333333333333,Low,Adequate,Higher Stability
49,Research & Development,Laboratory Technician,0,Growth Stage,0,3,0.3333333333333333,0.6666666666666666,1.0,0.6666666666666666,0.2,50,0.4666666666666667,Medium,0.6000000000000001,Medium,Adequate,Higher Stability
29,Research & Development,Laboratory Technician,0,Growth Stage,0,3,0.0,0.6666666666666666,1.0,0.6666666666666666,0.25,13,0.26666666666666666,Low,0.5,Medium,Adequate,Higher Stability
28,Research & Development,Manufacturing Director,0,Mid Career,0,0,0.125,0.75,0.25,0.875,0.25,28,0.37500000000000006,Medium,0.6041666666666666,Medium,Needs Development,Higher Stability
33,Research & Development,Healthcare Representative,0,Early Career,1,1,0.0,0.0,6.0,0.0,0.14285714285714285,34,0.0,Low,0.0,Low,Adequate,Lower Stability
32,Research & Development,Manager,0,Growth Stage,0,3,0.0,0.4,1.0,0.0,0.3,75,0.16000000000000003,Low,0.3666666666666667,Low,Adequate,Lower Stability
54,Research & Development,Manager,0,Mid Career,2,0,0.07142857142857142,0.6428571428571429,0.14285714285714285,0.8571428571428571,0.15384615384615385,80,0.30000000000000004,Medium,0.5380952380952381,Medium,Needs Development,Higher Stability
29,Research & Development,Research Scientist,1,Mid Career,0,0,0.0,0.7777777777777778,0.2222222222222222,0.7777777777777778,0.09090909090909091,13,0.3111111111111111,Medium,0.5814814814814815,Medium,Needs Development,Higher Stability
44,Research & Development,Research Director,0,Senior Career,2,0,0.7,0.3,0.05,0.85,0.16666666666666666,52,0.54,High,0.5583333333333333,Medium,Needs Development,Higher Stability
39,Research & Development,Manufacturing Director,0,Early Career,3,2,1.0,0.0,1.5,1.0,0.3333333333333333,54,0.6,High,0.45,Low,Adequate,Higher Stability
46,Sales,Manager,0,Mid Career,2,3,0.38461538461538464,0.9230769230769231,0.15384615384615385,0.07692307692307693,0.17391304347826086,48,0.6000000000000001,High,0.7717948717948718,High,Needs Development,Lower Stability
35,Research & Development,Healthcare Representative,0,Mid Career,0,3,0.2727272727272727,0.7272727272727273,0.2727272727272727,0.2727272727272727,0.2727272727272727,57,0.4545454545454546,Medium,0.6363636363636364,Medium,Needs Development,Lower Stability
23,Research & Development,Laboratory Technician,0,Growth Stage,0,3,0.25,0.75,0.5,0.5,0.4,28,0.45000000000000007,Medium,0.6333333333333333,Medium,Adequate,Lower Stability
40,Research & Development,Laboratory Technician,1,Growth Stage,0,3,0.2,0.8,0.6,0.0,0.06666666666666667,14,0.44000000000000006,Medium,0.64,Medium,Adequate,Lower Stability
34,Sales,Sales Executive,0,Mid Career,2,2,0.8,0.9,0.3,0.6,0.3,42,0.8400000000000001,High,0.8800000000000001,High,Needs Development,Lower Stability
31,Research & Development,Research Scientist,1,Mid Career,3,2,1.0,0.2857142857142857,0.2857142857142857,1.0,0.14285714285714285,12,0.7142857142857143,High,0.6333333333333333,Medium,Needs Development,Higher Stability
50,Research & Development,Research Director,0,Senior Career,2,0,0.40625,0.1875,0.0625,0.28125,0.125,52,0.31875,Medium,0.4135416666666667,Low,Needs Development,Lower Stability
34,Sales,Sales Representative,0,Mid Career,2,0,0.45454545454545453,0.9090909090909091,0.36363636363636365,0.6363636363636364,0.08333333333333333,25,0.6363636363636364,High,0.7787878787878787,High,Needs Development,Lower Stability
42,Research & Development,Laboratory Technician,0,Early Career,1,1,0.0,0.0,3.0,0.0,0.25,14,0.0,Low,0.1,Low,Adequate,Lower Stability
37,Research & Development,Research Scientist,0,Mid Career,2,0,0.3,0.8,0.2,0.7,0.2,34,0.5,High,0.6833333333333333,High,Needs Development,Higher Stability
29,Research & Development,Healthcare Representative,0,Mid Career,0,0,0.0,1.0,0.42857142857142855,1.0,0.2222222222222222,26,0.4,Medium,0.6857142857142857,High,Needs Development,Higher Stability
33,Research & Development,Manufacturing Director,0,Growth Stage,0,3,0.0,0.6,0.4,0.4,0.4,26,0.24,Low,0.4866666666666667,Low,Needs Development,Lower Stability
45,Research & Development,Research Scientist,0,Growth Stage,0,3,0.0,0.8,0.6,0.6,0.125,20,0.32000000000000006,Medium,0.5800000000000001,Medium,Adequate,Lower Stability
42,Research & Development,Healthcare Representative,0,Senior Career,2,0,0.65,0.4,0.15,0.45,0.125,42,0.55,High,0.5900000000000001,Medium,Needs Development,Lower Stability
40,Sales,Sales Executive,0,Mid Career,3,3,0.875,0.5,0.625,0.125,0.2222222222222222,24,0.7250000000000001,High,0.6916666666666668,High,Adequate,Lower Stability
33,Research & Development,Laboratory Technician,0,Senior Career,2,0,0.3333333333333333,0.9333333333333333,0.2,0.4666666666666667,0.13333333333333333,24,0.5733333333333334,High,0.76,High,Needs Development,Lower Stability
40,Human Resources,Manager,0,Senior Career,2,0,0.3333333333333333,0.3333333333333333,0.09523809523809523,0.3333333333333333,0.19047619047619047,84,0.3333333333333333,Medium,0.4634920634920635,Low,Needs Development,Lower Stability
24,Research & Development,Laboratory Technician,0,Early Career,1,1,0.0,1.0,3.0,0.0,0.5,14,0.4,Medium,0.6,Medium,Adequate,Lower Stability
40,Research & Development,Healthcare Representative,0,Early Career,3,2,1.0,1.0,1.0,1.0,0.25,36,1.0,High,0.9666666666666668,High,Adequate,Higher Stability
45,Research & Development,Healthcare Representative,0,Mid Career,2,2,0.7,0.8,0.4,0.7,0.3,36,0.74,High,0.7966666666666666,High,Needs Development,Higher Stability
35,Sales,Sales Representative,0,Growth Stage,3,2,0.8,0.6,1.0,0.4,0.16666666666666666,23,0.72,High,0.7066666666666668,High,Adequate,Lower Stability
32,Research & Development,Research Scientist,0,Mid Career,0,3,0.2857142857142857,0.14285714285714285,0.2857142857142857,0.7142857142857143,0.16666666666666666,24,0.22857142857142854,Low,0.3476190476190476,Low,Needs Development,Higher Stability
36,Sales,Sales Representative,0,Growth Stage,0,3,0.3333333333333333,0.6666666666666666,1.0,0.6666666666666666,0.14285714285714285,21,0.4666666666666667,Medium,0.6000000000000001,Medium,Adequate,Higher Stability
48,Sales,Sales Executive,0,Mid Career,3,2,0.875,0.875,0.25,0.875,0.1111111111111111,28,0.875,High,0.8916666666666666,High,Needs Development,Higher Stability
29,Research & Development,Research Scientist,0,Early Career,1,1,0.0,0.0,2.0,0.0,0.2,18,0.0,Low,0.13333333333333336,Low,Adequate,Lower Stability
33,Sales,Sales Executive,0,Early Career,3,2,1.0,1.0,3.0,1.0,0.25,26,1.0,High,0.9,High,Adequate,Higher Stability
30,Sales,Sales Executive,1,Mid Career,2,0,0.6,0.8,0.4,0.7,0.2,22,0.68,High,0.7666666666666667,High,Needs Development,Higher Stability
38,Human Resources,Human Resources,0,Growth Stage,0,3,0.16666666666666666,0.5,0.3333333333333333,0.3333333333333333,0.2,22,0.3,Medium,0.4888888888888889,Low,Needs Development,Lower Stability
35,Research & Development,Laboratory Technician,0,Growth Stage,0,3,0.3333333333333333,0.0,1.0,0.6666666666666666,0.3333333333333333,19,0.19999999999999998,Low,0.26666666666666666,Low,Adequate,Higher Stability
30,Sales,Sales Executive,0,Growth Stage,0,3,0.25,0.5,0.75,0.75,0.3333333333333333,36,0.35,Medium,0.5,Medium,Adequate,Higher Stability
35,Research & Development,Laboratory Technician,1,Early Career,1,1,0.0,0.0,2.0,0.0,1.0,12,0.0,Low,0.13333333333333336,Low,Adequate,Lower Stability
53,Research & Development,Manufacturing Director,1,Senior Career,2,0,0.030303030303030304,0.21212121212121213,0.12121212121212122,0.2727272727272727,0.08823529411764706,48,0.10303030303030303,Low,0.3111111111111111,Low,Needs Development,Lower Stability
38,Research & Development,Manufacturing Director,1,Growth Stage,0,3,0.2,0.4,0.4,0.8,0.2857142857142857,22,0.28,Medium,0.44666666666666666,Low,Needs Development,Higher Stability
32,Research & Development,Research Scientist,0,Growth Stage,0,3,0.16666666666666666,0.8333333333333334,0.5,0.3333333333333333,0.2222222222222222,28,0.43333333333333335,Medium,0.65,High,Adequate,Lower Stability
48,Research & Development,Research Scientist,0,Mid Career,3,2,0.875,0.25,0.375,0.75,0.1,12,0.625,High,0.575,Medium,Needs Development,Higher Stability
34,Research & Development,Research Scientist,0,Early Career,1,1,0.0,0.0,4.0,0.0,1.0,13,0.0,Low,0.06666666666666668,Low,Adequate,Lower Stability
55,Sales,Manager,0,Senior Career,2,0,0.05555555555555555,0.16666666666666666,0.08333333333333333,0.3611111111111111,0.1388888888888889,105,0.1,Low,0.2972222222222223,Low,Needs Development,Lower Stability
34,Research & Development,Research Scientist,0,Early Career,3,2,1.0,1.0,1.5,0.5,0.2222222222222222,34,1.0,High,0.9500000000000001,High,Adequate,Lower Stability
26,Research & Development,Research Scientist,0,Early Career,1,1,0.0,0.0,5.0,0.0,1.0,21,0.0,Low,0.03333333333333335,Low,Adequate,Lower Stability
38,Sales,Sales Executive,0,Mid Career,2,2,0.7777777777777778,0.8888888888888888,0.3333333333333333,0.7777777777777778,0.2,22,0.8222222222222222,High,0.8666666666666667,High,Needs Development,Higher Stability
38,Sales,Sales Executive,0,Growth Stage,0,3,0.3333333333333333,0.6666666666666666,1.6666666666666667,0.6666666666666666,0.25,24,0.4666666666666667,Medium,0.5777777777777778,Medium,Adequate,Higher Stability
36,Sales,Sales Executive,0,Early Career,1,1,0.0,0.0,5.0,0.0,0.13333333333333333,26,0.0,Low,0.03333333333333335,Low,Adequate,Lower Stability
29,Research & Development,Laboratory Technician,0,Mid Career,0,0,0.1,0.9,0.3,0.5,0.1,18,0.42000000000000004,Medium,0.67,High,Needs Development,Lower Stability
35,Research & Development,Healthcare Representative,0,Growth Stage,0,3,0.0,0.4,0.8,0.8,0.2,32,0.16000000000000003,Low,0.37333333333333335,Low,Adequate,Higher Stability
39,Sales,Sales Executive,0,Mid Career,3,2,1.0,0.8571428571428571,0.42857142857142855,0.8571428571428571,0.2727272727272727,33,0.9428571428571428,High,0.9142857142857143,High,Needs Development,Higher Stability
29,Research & Development,Healthcare Representative,0,Growth Stage,0,3,0.16666666666666666,0.6666666666666666,0.0,0.5,0.3333333333333333,38,0.36666666666666664,Medium,0.5833333333333333,Medium,Needs Development,Lower Stability
50,Sales,Manager,0,Early Career,1,1,0.0,0.0,2.0,0.0,0.18518518518518517,80,0.0,Low,0.13333333333333336,Low,Adequate,Lower Stability
23,Research & Development,Research Scientist,0,Early Career,3,2,1.0,1.0,1.0,1.0,0.25,16,1.0,High,0.9666666666666668,High,Adequate,Higher Stability
36,Research & Development,Laboratory Technician,0,Growth Stage,0,3,0.0,0.6666666666666666,1.0,0.6666666666666666,0.2222222222222222,26,0.26666666666666666,Low,0.5,Medium,Adequate,Higher Stability
42,Research & Development,Manager,0,Early Career,0,3,0.0,0.0,2.0,1.0,0.20833333333333334,110,0.0,Low,0.13333333333333336,Low,Adequate,Higher Stability
35,Research & Development,Laboratory Technician,0,Mid Career,2,0,0.6,0.9,0.3,0.8,0.2,34,0.72,High,0.8200000000000001,High,Needs Development,Higher Stability
34,Research & Development,Healthcare Representative,0,Mid Career,3,2,0.875,0.25,0.375,0.875,0.25,28,0.625,High,0.575,Medium,Needs Development,Higher Stability
40,Sales,Sales Executive,0,Growth Stage,0,3,0.2,0.8,0.4,0.4,0.4,30,0.44000000000000006,Medium,0.6466666666666667,High,Needs Development,Lower Stability
43,Research & Development,Laboratory Technician,0,Growth Stage,0,3,0.0,0.6666666666666666,0.0,0.3333333333333333,0.125,12,0.26666666666666666,Low,0.5333333333333333,Medium,Needs Development,Lower Stability
35,Research & Development,Laboratory Technician,0,Early Career,1,1,0.0,0.0,5.0,1.0,1.0,18,0.0,Low,0.03333333333333335,Low,Adequate,Higher Stability
46,Sales,Manager,0,Senior Career,2,0,0.0,0.0,0.19230769230769232,0.46153846153846156,0.14814814814814814,60,0.0,Low,0.1935897435897436,Low,Needs Development,Lower Stability
28,Research & Development,Laboratory Technician,1,Early Career,1,1,0.0,1.0,3.0,0.0,1.0,17,0.4,Medium,0.6,Medium,Adequate,Lower Stability
22,Research & Development,Research Scientist,0,Growth Stage,0,3,0.25,0.5,0.5,0.75,0.25,14,0.35,Medium,0.5083333333333333,Medium,Adequate,Higher Stability
50,Research & Development,Healthcare Representative,0,Senior Career,2,0,0.4,0.26666666666666666,0.1,0.43333333333333335,0.125,60,0.3466666666666667,Medium,0.45,Low,Needs Development,Lower Stability
32,Research & Development,Research Scientist,0,Growth Stage,0,3,0.0,0.6666666666666666,1.0,0.6666666666666666,0.16666666666666666,17,0.26666666666666666,Low,0.5,Medium,Adequate,Higher Stability
44,Research & Development,Research Director,0,Senior Career,2,0,0.045454545454545456,0.3181818181818182,0.18181818181818182,0.45454545454545453,0.21739130434782608,70,0.15454545454545457,Low,0.3666666666666667,Low,Needs Development,Lower Stability
30,Research & Development,Research Scientist,0,Growth Stage,0,3,0.16666666666666666,0.6666666666666666,0.5,0.16666666666666666,0.16666666666666666,12,0.36666666666666664,Medium,0.5666666666666667,Medium,Adequate,Lower Stability
45,Research & Development,Laboratory Technician,0,Mid Career,0,0,0.1,0.7,0.3,0.4,0.2,28,0.33999999999999997,Medium,0.5700000000000001,Medium,Needs Development,Lower Stability
45,Sales,Sales Executive,0,Mid Career,2,3,0.4,0.7,0.2,0.5,0.2,30,0.52,High,0.6633333333333333,High,Needs Development,Lower Stability
31,Sales,Sales Executive,0,Growth Stage,0,3,0.0,0.4,0.6,0.6,0.2,26,0.16000000000000003,Low,0.38,Low,Adequate,Lower Stability
36,Research & Development,Manufacturing Director,0,Growth Stage,0,3,0.3333333333333333,0.6666666666666666,0.6666666666666666,0.3333333333333333,0.2857142857142857,24,0.4666666666666667,Medium,0.6111111111111112,Medium,Adequate,Lower Stability
34,Research & Development,Manufacturing Director,0,Mid Career,3,3,0.7777777777777778,0.7777777777777778,0.3333333333333333,0.2222222222222222,0.2222222222222222,26,0.7777777777777778,High,0.8111111111111111,High,Needs Development,Lower Stability
49,Research & Development,Laboratory Technician,0,Mid Career,0,0,0.1111111111111111,0.6666666666666666,0.3333333333333333,0.4444444444444444,0.1,14,0.3333333333333333,Medium,0.5555555555555556,Medium,Needs Development,Lower Stability
39,Research & Development,Manufacturing Director,0,Mid Career,3,2,1.0,1.0,0.42857142857142855,1.0,0.2,26,1.0,High,0.9857142857142858,High,Needs Development,Higher Stability
27,Research & Development,Laboratory Technician,0,Mid Career,0,0,0.0,1.0,0.42857142857142855,1.0,0.14285714285714285,11,0.4,Medium,0.6857142857142857,High,Needs Development,Higher Stability
35,Research & Development,Research Scientist,0,Senior Career,2,0,0.0625,0.9375,0.125,0.625,0.125,22,0.4125,Medium,0.6833333333333333,High,Needs Development,Lower Stability
28,Research & Development,Manufacturing Director,0,Growth Stage,0,3,0.0,0.6,1.0,0.0,0.3333333333333333,42,0.24,Low,0.4666666666666667,Low,Adequate,Lower Stability
21,Research & Development,Research Scientist,0,Early Career,3,2,1.0,1.0,1.0,1.0,0.3333333333333333,18,1.0,High,0.9666666666666668,High,Adequate,Higher Stability
18,Sales,Sales Representative,1,Early Career,1,1,0.0,0.0,2.0,0.0,1.0,12,0.0,Low,0.13333333333333336,Low,Adequate,Lower Stability
47,Human Resources,Manager,0,Growth Stage,0,3,0.2,0.4,0.4,0.0,0.18518518518518517,55,0.28,Medium,0.44666666666666666,Low,Needs Development,Lower Stability
39,Research & Development,Laboratory Technician,0,Mid Career,0,0,0.0,0.8,0.3,0.7,0.18181818181818182,30,0.32000000000000006,Medium,0.5900000000000001,Medium,Needs Development,Higher Stability
40,Research & Development,Manufacturing Director,0,Senior Career,2,0,0.7777777777777778,0.8333333333333334,0.1111111111111111,0.6666666666666666,0.16666666666666666,39,0.8,High,0.8462962962962963,High,Needs Development,Higher Stability
35,Research & Development,Healthcare Representative,0,Mid Career,2,0,0.14285714285714285,0.7857142857142857,0.35714285714285715,0.6428571428571429,0.13333333333333333,24,0.39999999999999997,Medium,0.6238095238095238,Medium,Needs Development,Lower Stability
37,Research & Development,Manufacturing Director,0,Growth Stage,0,3,0.0,0.75,0.5,0.5,0.2222222222222222,34,0.30000000000000004,Medium,0.5583333333333333,Medium,Adequate,Lower Stability
39,Research & Development,Manufacturing Director,0,Mid Career,0,3,0.3333333333333333,0.2222222222222222,0.2222222222222222,0.8888888888888888,0.2,26,0.28888888888888886,Medium,0.4037037037037037,Low,Needs Development,Higher Stability
45,Research & Development,Manufacturing Director,0,Mid Career,2,0,0.3,0.7,0.3,0.9,0.2,38,0.45999999999999996,Medium,0.6299999999999999,Medium,Needs Development,Higher Stability
38,Research & Development,Manufacturing Director,0,Growth Stage,0,3,0.0,0.8,1.2,0.4,0.3,57,0.32000000000000006,Medium,0.56,Medium,Adequate,Lower Stability
35,Sales,Sales Executive,1,Mid Career,2,3,0.46153846153846156,0.9230769230769231,0.23076923076923078,0.0,0.2,51,0.6461538461538462,High,0.7923076923076924,High,Needs Development,Lower Stability
37,Research & Development,Research Scientist,0,Mid Career,3,2,0.875,0.5,0.25,0.875,0.125,11,0.7250000000000001,High,0.7041666666666667,High,Needs Development,Higher Stability
40,Research & Development,Manufacturing Director,0,Growth Stage,3,2,0.75,0.5,0.5,0.75,0.16666666666666666,45,0.6499999999999999,High,0.6583333333333333,High,Adequate,Higher Stability
44,Human Resources,Human Resources,0,Mid Career,0,3,0.0,0.7,0.3,0.2,0.14285714285714285,22,0.27999999999999997,Low,0.54,Medium,Needs Development,Lower Stability
48,Research & Development,Manager,0,Early Career,3,2,1.0,1.0,1.5,1.0,0.17391304347826086,100,1.0,High,0.9500000000000001,High,Adequate,Higher Stability
35,Sales,Sales Executive,1,Early Career,3,2,1.0,1.0,1.0,1.0,0.2857142857142857,28,1.0,High,0.9666666666666668,High,Adequate,Higher Stability
24,Research & Development,Research Scientist,0,Growth Stage,0,3,0.16666666666666666,0.5,0.3333333333333333,0.5,0.16666666666666666,13,0.3,Medium,0.4888888888888889,Low,Needs Development,Lower Stability
27,Research & Development,Research Scientist,0,Growth Stage,0,3,0.0,0.6666666666666666,0.0,0.6666666666666666,0.2,17,0.26666666666666666,Low,0.5333333333333333,Medium,Needs Development,Higher Stability
27,Research & Development,Research Scientist,0,Growth Stage,0,3,0.25,0.5,0.0,0.5,0.16666666666666666,13,0.35,Medium,0.5249999999999999,Medium,Needs Development,Lower Stability
40,Research & Development,Laboratory Technician,1,Growth Stage,0,3,0.0,0.5,0.75,0.75,0.1,14,0.2,Low,0.42500000000000004,Low,Adequate,Higher Stability
29,Sales,Sales Executive,0,Growth Stage,0,3,0.2,0.4,0.4,0.8,0.25,22,0.28,Medium,0.44666666666666666,Low,Needs Development,Higher Stability
36,Research & Development,Healthcare Representative,0,Growth Stage,0,3,0.0,0.6666666666666666,2.0,0.6666666666666666,0.3333333333333333,36,0.26666666666666666,Low,0.4666666666666667,Low,Adequate,Higher Stability
25,Research & Development,Manufacturing Director,0,Mid Career,0,0,0.0,1.0,0.8571428571428571,1.0,0.2857142857142857,34,0.4,Medium,0.6714285714285715,High,Adequate,Higher Stability
39,Research & Development,Manufacturing Director,0,Growth Stage,0,3,0.2,0.8,0.6,0.0,0.2857142857142857,42,0.44000000000000006,Medium,0.64,Medium,Adequate,Lower Stability
49,Research & Development,Research Director,0,Growth Stage,0,3,0.25,0.5,0.5,0.5,0.14814814814814814,64,0.35,Medium,0.5083333333333333,Medium,Adequate,Lower Stability
50,Research & Development,Research Director,0,Mid Career,2,0,0.07142857142857142,0.7857142857142857,0.21428571428571427,0.7857142857142857,0.15789473684210525,45,0.35714285714285715,Medium,0.6071428571428571,Medium,Needs Development,Higher Stability
20,Sales,Sales Representative,0,Early Career,3,2,1.0,1.0,1.5,1.0,0.5,19,1.0,High,0.9500000000000001,High,Adequate,Higher Stability
34,Research & Development,Research Scientist,0,Mid Career,2,0,0.6363636363636364,0.7272727272727273,0.18181818181818182,0.8181818181818182,0.18181818181818182,24,0.6727272727272727,High,0.7484848484848485,High,Needs Development,Higher Stability
36,Research & Development,Laboratory Technician,0,Growth Stage,0,3,0.25,0.75,1.0,0.75,0.06666666666666667,11,0.45000000000000007,Medium,0.6166666666666667,Medium,Adequate,Higher Stability
49,Research & Development,Healthcare Representative,0,Senior Career,2,0,0.13333333333333333,0.7333333333333333,0.2,0.8,0.13333333333333333,76,0.37333333333333335,Medium,0.6,Medium,Needs Development,Higher Stability
36,Research & Development,Manufacturing Director,0,Growth Stage,0,3,0.3333333333333333,0.6666666666666666,2.0,0.6666666666666666,0.5,30,0.4666666666666667,Medium,0.5666666666666667,Medium,Adequate,Higher Stability
36,Research & Development,Healthcare Representative,0,Growth Stage,0,3,0.0,0.8,0.6,0.8,0.15384615384615385,40,0.32000000000000006,Medium,0.5800000000000001,Medium,Adequate,Higher Stability
54,Research & Development,Manager,0,Mid Career,2,0,0.4,0.8,0.6,0.7,0.1111111111111111,100,0.56,High,0.7000000000000001,High,Adequate,Higher Stability
43,Research & Development,Research Director,0,Mid Career,2,0,0.42857142857142855,0.7142857142857143,0.21428571428571427,0.7857142857142857,0.2857142857142857,96,0.5428571428571429,High,0.6785714285714286,High,Needs Development,Higher Stability
35,Sales,Sales Executive,1,Mid Career,2,0,0.5454545454545454,0.8181818181818182,0.18181818181818182,0.6363636363636364,0.15384615384615385,48,0.6545454545454545,High,0.7666666666666667,High,Needs Development,Lower Stability
38,Research & Development,Research Scientist,0,Mid Career,2,0,0.15384615384615385,0.8461538461538461,0.3076923076923077,0.6923076923076923,0.10526315789473684,30,0.4307692307692308,Medium,0.658974358974359,High,Needs Development,Higher Stability
29,Sales,Sales Executive,0,Mid Career,0,3,0.0,0.0,0.3,0.9,0.2,26,0.0,Low,0.19,Low,Needs Development,Higher Stability
33,Sales,Sales Executive,0,Growth Stage,0,3,0.0,0.3333333333333333,0.8333333333333334,0.6666666666666666,0.3333333333333333,28,0.13333333333333333,Low,0.3388888888888889,Low,Adequate,Higher Stability
32,Research & Development,Research Scientist,0,Mid Career,0,3,0.1111111111111111,0.5555555555555556,0.4444444444444444,0.6666666666666666,0.2,26,0.2888888888888889,Medium,0.49629629629629635,Medium,Needs Development,Higher Stability
31,Sales,Sales Executive,0,Mid Career,0,3,0.0,0.0,0.2,0.2,0.2,22,0.0,Low,0.19333333333333336,Low,Needs Development,Lower Stability
49,Research & Development,Laboratory Technician,0,Early Career,3,2,1.0,1.0,1.0,1.0,0.058823529411764705,16,1.0,High,0.9666666666666668,High,Adequate,Higher Stability
38,Research & Development,Laboratory Technician,0,Growth Stage,3,2,0.75,0.75,0.75,0.75,0.25,22,0.75,High,0.775,High,Adequate,Higher Stability
47,Sales,Manager,0,Growth Stage,0,3,0.3333333333333333,0.6666666666666666,0.6666666666666666,0.6666666666666666,0.13793103448275862,56,0.4666666666666667,Medium,0.6111111111111112,Medium,Adequate,Higher Stability
49,Research & Development,Manager,0,Mid Career,0,3,0.0,0.875,0.25,0.0,0.17391304347826086,56,0.35000000000000003,Medium,0.6291666666666667,Medium,Needs Development,Lower Stability
41,Sales,Sales Executive,0,Early Career,0,3,0.0,0.0,1.0,1.0,0.14285714285714285,48,0.0,Low,0.16666666666666669,Low,Adequate,Higher Stability
20,Sales,Sales Representative,0,Early Career,0,3,0.0,1.0,1.5,1.0,0.5,11,0.4,Medium,0.65,High,Adequate,Higher Stability
33,Sales,Sales Executive,0,Growth Stage,0,3,0.16666666666666666,0.8333333333333334,0.3333333333333333,0.3333333333333333,0.2857142857142857,50,0.43333333333333335,Medium,0.6555555555555556,High,Needs Development,Lower Stability
36,Research & Development,Healthcare Representative,0,Growth Stage,0,3,0.0,0.6666666666666666,0.6666666666666666,0.6666666666666666,0.2,28,0.26666666666666666,Low,0.5111111111111111,Medium,Adequate,Higher Stability
44,Human Resources,Human Resources,0,Early Career,3,2,1.0,1.0,1.0,1.0,0.125,18,1.0,High,0.9666666666666668,High,Adequate,Higher Stability
23,Research & Development,Laboratory Technician,1,Growth Stage,0,3,0.2,0.8,0.4,0.4,0.2,11,0.44000000000000006,Medium,0.6466666666666667,High,Needs Development,Lower Stability
38,Research & Development,Laboratory Technician,0,Early Career,1,1,0.0,0.0,5.0,0.0,0.14285714285714285,19,0.0,Low,0.03333333333333335,Low,Adequate,Lower Stability
53,Research & Development,Healthcare Representative,0,Growth Stage,0,3,0.25,0.75,0.5,0.5,0.2727272727272727,45,0.45000000000000007,Medium,0.6333333333333333,Medium,Adequate,Lower Stability
48,Sales,Sales Representative,1,Mid Career,2,2,0.7777777777777778,0.7777777777777778,0.3333333333333333,0.7777777777777778,0.05263157894736842,11,0.7777777777777778,High,0.8111111111111111,High,Needs Development,Higher Stability
32,Research & Development,Laboratory Technician,1,Early Career,1,1,0.0,0.0,2.0,0.0,1.0,12,0.0,Low,0.13333333333333336,Low,Adequate,Lower Stability
26,Research & Development,Laboratory Technician,0,Mid Career,3,0,0.7142857142857143,1.0,0.7142857142857143,1.0,0.14285714285714285,20,0.8285714285714285,High,0.8904761904761904,High,Adequate,Higher Stability
55,Research & Development,Research Scientist,0,Growth Stage,0,3,0.25,0.5,0.25,0.5,0.125,12,0.35,Medium,0.5166666666666666,Medium,Needs Development,Lower Stability
34,Research & Development,Laboratory Technician,0,Senior Career,2,0,0.26666666666666666,0.6666666666666666,0.2,0.8666666666666667,0.13333333333333333,28,0.42666666666666664,Medium,0.6066666666666667,Medium,Needs Development,Higher Stability
60,Research & Development,Healthcare Representative,0,Early Career,1,1,0.0,0.0,2.0,0.0,0.15789473684210525,60,0.0,Low,0.13333333333333336,Low,Adequate,Lower Stability
33,Research & Development,Laboratory Technician,0,Mid Career,2,0,0.14285714285714285,0.7857142857142857,0.42857142857142855,0.9285714285714286,0.07142857142857142,18,0.39999999999999997,Medium,0.6214285714285714,Medium,Needs Development,Higher Stability
37,Sales,Sales Executive,0,Growth Stage,0,3,0.16666666666666666,0.5,0.3333333333333333,0.5,0.3333333333333333,28,0.3,Medium,0.4888888888888889,Low,Needs Development,Lower Stability
34,Research & Development,Research Scientist,0,Mid Career,2,2,0.8,0.9,0.3,0.7,0.1,12,0.8400000000000001,High,0.8800000000000001,High,Needs Development,Higher Stability
23,Sales,Sales Representative,1,Growth Stage,0,3,0.0,0.6666666666666666,0.6666666666666666,0.6666666666666666,0.3333333333333333,21,0.26666666666666666,Low,0.5111111111111111,Medium,Adequate,Higher Stability
44,Research & Development,Healthcare Representative,0,Mid Career,3,2,0.75,0.875,0.25,0.875,0.3333333333333333,57,0.8,High,0.8541666666666667,High,Needs Development,Higher Stability
35,Research & Development,Research Scientist,0,Growth Stage,0,3,0.2,0.8,0.4,0.8,0.16666666666666666,14,0.44000000000000006,Medium,0.6466666666666667,High,Needs Development,Higher Stability
43,Sales,Sales Executive,0,Mid Career,2,2,0.8,0.9,0.3,0.8,0.2,34,0.8400000000000001,High,0.8800000000000001,High,Needs Development,Higher Stability
24,Research & Development,Research Scientist,0,Growth Stage,0,3,0.0,0.6,0.2,0.8,0.2,16,0.24,Low,0.49333333333333335,Medium,Needs Development,Higher Stability
41,Sales,Sales Executive,0,Mid Career,2,2,0.8,0.8,0.3,0.7,0.3,36,0.8,High,0.8300000000000001,High,Needs Development,Higher Stability
29,Research & Development,Laboratory Technician,0,Growth Stage,0,3,0.2,0.6,0.4,0.4,0.1111111111111111,17,0.36,Medium,0.5466666666666666,Medium,Needs Development,Lower Stability
36,Sales,Sales Representative,0,Mid Career,2,0,0.46153846153846156,0.5384615384615384,0.15384615384615385,0.5384615384615384,0.11764705882352941,30,0.49230769230769234,High,0.6025641025641025,Medium,Needs Development,Lower Stability
45,Research & Development,Healthcare Representative,0,Senior Career,2,0,0.6086956521739131,0.6521739130434783,0.13043478260869565,0.17391304347826086,0.12,69,0.6260869565217391,High,0.7043478260869565,High,Needs Development,Lower Stability
24,Human Resources,Human Resources,1,Early Career,1,1,0.0,0.0,2.0,0.0,1.0,11,0.0,Low,0.13333333333333336,Low,Adequate,Lower Stability
47,Sales,Sales Executive,1,Senior Career,2,0,0.6086956521739131,0.21739130434782608,0.13043478260869565,0.43478260869565216,0.16,44,0.45217391304347826,Medium,0.4869565217391304,Low,Needs Development,Lower Stability
26,Research & Development,Laboratory Technician,0,Growth Stage,0,3,0.0,0.6666666666666666,1.0,0.6666666666666666,0.3333333333333333,15,0.26666666666666666,Low,0.5,Medium,Adequate,Higher Stability
45,Research & Development,Research Director,0,Senior Career,2,0,0.38095238095238093,0.2857142857142857,0.09523809523809523,0.2857142857142857,0.19047619047619047,44,0.3428571428571428,Medium,0.45396825396825397,Low,Needs Development,Lower Stability
32,Research & Development,Research Scientist,0,Growth Stage,0,3,0.2,0.4,0.6,0.6,0.1,13,0.28,Medium,0.44000000000000006,Low,Adequate,Lower Stability
31,Research & Development,Laboratory Technician,0,Growth Stage,0,3,0.0,0.4,0.4,0.6,0.16666666666666666,14,0.16000000000000003,Low,0.3866666666666667,Low,Needs Development,Lower Stability
41,Human Resources,Human Resources,0,Growth Stage,0,3,0.3333333333333333,0.6666666666666666,1.3333333333333333,0.6666666666666666,0.2,38,0.4666666666666667,Medium,0.5888888888888889,Medium,Adequate,Higher Stability
40,Research & Development,Manufacturing Director,0,Early Career,1,1,0.0,0.0,3.0,0.0,0.1111111111111111,32,0.0,Low,0.1,Low,Adequate,Lower Stability
24,Research & Development,Laboratory Technician,0,Growth Stage,0,3,0.16666666666666666,0.3333333333333333,0.3333333333333333,0.3333333333333333,0.16666666666666666,13,0.23333333333333334,Low,0.40555555555555556,Low,Needs Development,Lower Stability
46,Research & Development,Healthcare Representative,0,Mid Career,0,0,0.0,0.7,0.3,0.9,0.10526315789473684,28,0.27999999999999997,Low,0.54,Medium,Needs Development,Higher Stability
35,Research & Development,Manufacturing Director,0,Mid Career,0,0,0.0,1.0,0.42857142857142855,1.0,0.11764705882352941,32,0.4,Medium,0.6857142857142857,High,Needs Development,Higher Stability
30,Research & Development,Research Scientist,0,Mid Career,0,3,0.0,0.0,0.2,0.8,0.1,12,0.0,Low,0.19333333333333336,Low,Needs Development,Higher Stability
47,Sales,Sales Executive,0,Early Career,1,1,0.0,0.0,3.0,0.0,0.5,22,0.0,Low,0.1,Low,Adequate,Lower Stability
46,Sales,Sales Executive,0,Mid Career,0,0,0.0,0.6,0.5,0.3,0.23076923076923078,36,0.24,Low,0.48333333333333334,Low,Adequate,Lower Stability
36,Sales,Sales Executive,1,Early Career,3,2,1.0,1.0,1.5,1.0,0.125,26,1.0,High,0.9500000000000001,High,Adequate,Higher Stability
32,Sales,Sales Executive,1,Early Career,1,1,0.0,0.0,2.0,0.0,0.2,30,0.0,Low,0.13333333333333336,Low,Adequate,Lower Stability
23,Research & Development,Laboratory Technician,0,Growth Stage,0,3,0.3333333333333333,0.6666666666666666,1.0,0.6666666666666666,0.3333333333333333,13,0.4666666666666667,Medium,0.6000000000000001,Medium,Adequate,Higher Stability
31,Research & Development,Manufacturing Director,0,Growth Stage,0,3,0.2,0.8,0.6,0.8,0.2222222222222222,40,0.44000000000000006,Medium,0.64,Medium,Adequate,Higher Stability
39,Research & Development,Laboratory Technician,0,Mid Career,2,0,0.5555555555555556,0.8888888888888888,0.2222222222222222,0.8888888888888888,0.2222222222222222,30,0.6888888888888889,High,0.8037037037037038,High,Needs Development,Higher Stability
32,Sales,Sales Executive,0,Growth Stage,0,3,0.0,0.75,0.5,0.5,0.3,39,0.30000000000000004,Medium,0.5583333333333333,Medium,Adequate,Lower Stability
40,Sales,Manager,0,Senior Career,2,0,0.5714285714285714,0.38095238095238093,0.14285714285714285,0.38095238095238093,0.23809523809523808,70,0.4952380952380952,High,0.557142857142857,Medium,Needs Development,Lower Stability
45,Human Resources,Human Resources,0,Growth Stage,0,3,0.0,0.0,0.4,0.6,0.3333333333333333,63,0.0,Low,0.18666666666666668,Low,Needs Development,Lower Stability
30,Research & Development,Research Scientist,0,Mid Career,0,0,0.0,0.7777777777777778,0.2222222222222222,0.7777777777777778,0.1,16,0.3111111111111111,Medium,0.5814814814814815,Medium,Needs Development,Higher Stability
24,Human Resources,Human Resources,0,Early Career,3,2,1.0,1.0,1.0,0.5,0.3333333333333333,14,1.0,High,0.9666666666666668,High,Adequate,Lower Stability
30,Human Resources,Human Resources,1,Growth Stage,0,3,0.25,0.5,0.0,0.5,0.16666666666666666,11,0.35,Medium,0.5249999999999999,Medium,Needs Development,Lower Stability
31,Sales,Sales Executive,0,Growth Stage,0,3,0.0,0.4,0.6,0.4,0.3333333333333333,38,0.16000000000000003,Low,0.38,Low,Adequate,Lower Stability
27,Research & Development,Research Scientist,0,Growth Stage,0,3,0.16666666666666666,0.3333333333333333,0.8333333333333334,0.6666666666666666,0.16666666666666666,11,0.23333333333333334,Low,0.38888888888888895,Low,Adequate,Higher Stability
29,Sales,Sales Representative,1,Early Career,3,2,1.0,1.0,1.5,1.0,0.5,13,1.0,High,0.9500000000000001,High,Adequate,Higher Stability
29,Research & Development,Healthcare Representative,0,Growth Stage,0,3,0.0,0.6666666666666666,1.6666666666666667,0.6666666666666666,0.2,24,0.26666666666666666,Low,0.47777777777777775,Low,Adequate,Higher Stability
30,Sales,Sales Executive,0,Mid Career,0,0,0.14285714285714285,1.0,0.2857142857142857,1.0,0.25,33,0.4857142857142857,High,0.7333333333333333,High,Needs Development,Higher Stability
34,Research & Development,Research Scientist,0,Growth Stage,0,3,0.2,0.0,0.6,0.4,0.16666666666666666,14,0.12,Low,0.24000000000000002,Low,Adequate,Lower Stability
33,Sales,Sales Executive,0,Mid Career,0,0,0.09090909090909091,0.6363636363636364,0.18181818181818182,0.6363636363636364,0.15384615384615385,30,0.30909090909090914,Medium,0.5393939393939394,Medium,Needs Development,Lower Stability
49,Sales,Sales Executive,0,Growth Stage,0,3,0.0,0.2,0.2,0.8,0.25,24,0.08000000000000002,Low,0.29333333333333333,Low,Needs Development,Higher Stability
33,Sales,Sales Executive,1,Early Career,1,1,0.0,0.0,2.0,0.0,0.2727272727272727,60,0.0,Low,0.13333333333333336,Low,Adequate,Lower Stability
38,Research & Development,Laboratory Technician,0,Growth Stage,0,3,0.0,0.16666666666666666,0.6666666666666666,0.8333333333333334,0.1111111111111111,14,0.06666666666666667,Low,0.2611111111111111,Low,Adequate,Higher Stability
31,Sales,Sales Executive,1,Early Career,1,1,0.0,0.0,2.0,0.0,0.3,39,0.0,Low,0.13333333333333336,Low,Adequate,Lower Stability
29,Research & Development,Research Scientist,0,Early Career,1,1,0.0,0.0,2.0,0.0,1.0,13,0.0,Low,0.13333333333333336,Low,Adequate,Lower Stability
30,Research & Development,Healthcare Representative,0,Mid Career,0,3,0.14285714285714285,0.0,0.42857142857142855,1.0,0.2,32,0.0857142857142857,Low,0.22857142857142856,Low,Needs Development,Higher Stability
32,Research & Development,Research Scientist,0,Mid Career,0,0,0.0,1.0,0.42857142857142855,1.0,0.08333333333333333,14,0.4,Medium,0.6857142857142857,High,Needs Development,Higher Stability
38,Research & Development,Healthcare Representative,0,Early Career,1,1,1.0,0.0,2.0,0.0,0.13333333333333333,32,0.6,High,0.43333333333333335,Low,Adequate,Lower Stability
43,Research & Development,Research Scientist,1,Early Career,1,1,0.0,0.0,4.0,0.0,0.16666666666666666,16,0.0,Low,0.06666666666666668,Low,Adequate,Lower Stability
42,Research & Development,Laboratory Technician,0,Growth Stage,0,3,0.0,0.6,1.2,0.8,0.14285714285714285,22,0.24,Low,0.46,Low,Adequate,Higher Stability
55,Research & Development,Research Director,0,Early Career,1,1,0.0,0.0,2.0,0.0,0.14705882352941177,60,0.0,Low,0.13333333333333336,Low,Adequate,Lower Stability
33,Research & Development,Research Scientist,0,Mid Career,0,0,0.1111111111111111,0.8888888888888888,0.2222222222222222,0.7777777777777778,0.18181818181818182,30,0.4222222222222222,Medium,0.6703703703703704,High,Needs Development,Higher Stability
41,Research & Development,Laboratory Technician,0,Growth Stage,0,3,0.0,0.6,0.4,0.8,0.2,20,0.24,Low,0.4866666666666667,Low,Needs Development,Higher Stability
34,Sales,Sales Executive,0,Senior Career,2,0,0.0,0.9333333333333333,0.2,0.4666666666666667,0.13333333333333333,28,0.37333333333333335,Medium,0.66,High,Needs Development,Lower Stability
53,Research & Development,Manufacturing Director,0,Growth Stage,0,3,0.0,0.6666666666666666,0.6666666666666666,0.6666666666666666,0.14814814814814814,80,0.26666666666666666,Low,0.5111111111111111,Medium,Adequate,Higher Stability
43,Human Resources,Human Resources,0,Mid Career,0,0,0.1111111111111111,0.7777777777777778,0.5555555555555556,0.8888888888888888,0.1,13,0.37777777777777777,Medium,0.6037037037037037,Medium,Adequate,Higher Stability
34,Sales,Sales Executive,0,Early Career,3,2,1.0,1.0,1.5,1.0,0.3333333333333333,24,1.0,High,0.9500000000000001,High,Adequate,Higher Stability
21,Sales,Sales Representative,1,Early Career,1,1,1.0,0.0,3.0,0.0,1.0,13,0.6,High,0.4,Low,Adequate,Lower Stability
38,Research & Development,Laboratory Technician,0,Growth Stage,0,3,0.0,0.8,0.6,0.8,0.2,11,0.32000000000000006,Medium,0.5800000000000001,Medium,Adequate,Higher Stability
22,Research & Development,Laboratory Technician,1,Early Career,1,1,0.0,0.0,6.0,0.0,1.0,17,0.0,Low,0.0,Low,Adequate,Lower Stability
31,Sales,Sales Executive,0,Mid Career,2,0,0.4166666666666667,0.5833333333333334,0.25,0.5833333333333334,0.15384615384615385,28,0.4833333333333334,High,0.6083333333333334,Medium,Needs Development,Lower Stability
51,Research & Development,Manager,0,Early Career,3,2,1.0,1.0,1.0,1.0,0.2,33,1.0,High,0.9666666666666668,High,Adequate,Higher Stability
37,Sales,Sales Executive,0,Growth Stage,0,3,0.0,0.4,0.4,0.6,0.4,28,0.16000000000000003,Low,0.3866666666666667,Low,Needs Development,Lower Stability
46,Research & Development,Research Director,0,Early Career,3,2,1.0,0.5,1.5,1.0,0.20833333333333334,85,0.8,High,0.7000000000000001,High,Adequate,Higher Stability
36,Research & Development,Healthcare Representative,0,Mid Career,2,0,0.4166666666666667,0.6666666666666666,0.08333333333333333,0.5833333333333334,0.2,39,0.5166666666666666,High,0.6555555555555554,High,Needs Development,Lower Stability
44,Research & Development,Research Scientist,1,Growth Stage,0,3,0.4,0.6,0.4,0.6,0.16666666666666666,12,0.48,High,0.6066666666666667,Medium,Needs Development,Lower Stability
37,Human Resources,Human Resources,0,Mid Career,0,3,0.4,0.0,0.4,0.7,0.10526315789473684,26,0.24,Low,0.30666666666666664,Low,Needs Development,Higher Stability
35,Sales,Sales Executive,1,Mid Career,2,2,0.7,0.7,0.2,0.7,0.2,36,0.7,High,0.7533333333333333,High,Needs Development,Higher Stability
33,Research & Development,Research Scientist,0,Mid Career,2,2,0.7,0.8,0.1,0.6,0.07142857142857142,19,0.74,High,0.8066666666666666,High,Needs Development,Lower Stability
28,Research & Development,Research Scientist,0,Growth Stage,0,3,0.0,0.6,1.2,0.6,0.2,11,0.24,Low,0.46,Low,Adequate,Lower Stability
39,Research & Development,Research Director,0,Growth Stage,0,2,0.5,0.75,0.75,0.5,0.3333333333333333,63,0.6000000000000001,High,0.7000000000000001,High,Adequate,Lower Stability
46,Sales,Sales Executive,0,Early Career,3,2,1.0,1.0,1.5,1.0,0.3333333333333333,30,1.0,High,0.9500000000000001,High,Adequate,Higher Stability
40,Research & Development,Laboratory Technician,0,Growth Stage,0,3,0.0,0.75,1.25,0.5,0.14285714285714285,17,0.30000000000000004,Medium,0.5333333333333333,Medium,Adequate,Lower Stability
42,Research & Development,Healthcare Representative,0,Early Career,1,1,0.0,0.0,2.0,0.0,0.2,36,0.0,Low,0.13333333333333336,Low,Adequate,Lower Stability
35,Research & Development,Manufacturing Director,0,Mid Career,0,0,0.14285714285714285,1.0,0.8571428571428571,1.0,0.13333333333333333,28,0.4857142857142857,High,0.7142857142857143,High,Adequate,Higher Stability
38,Human Resources,Human Resources,0,Mid Career,2,0,0.2727272727272727,0.9090909090909091,0.2727272727272727,0.7272727272727273,0.07692307692307693,13,0.5272727272727272,High,0.7272727272727273,High,Needs Development,Higher Stability
34,Research & Development,Laboratory Technician,1,Mid Career,0,3,0.0,0.14285714285714285,0.42857142857142855,1.0,0.18181818181818182,34,0.05714285714285714,Low,0.2571428571428571,Low,Needs Development,Higher Stability
37,Research & Development,Manufacturing Director,1,Mid Career,0,3,0.0,0.3,0.4,0.8,0.2,30,0.12,Low,0.33666666666666667,Low,Needs Development,Higher Stability
39,Sales,Sales Executive,0,Early Career,3,2,1.0,0.5,3.0,1.0,0.2857142857142857,36,0.8,High,0.65,High,Adequate,Higher Stability
43,Research & Development,Research Scientist,0,Growth Stage,0,3,0.3333333333333333,0.6666666666666666,0.6666666666666666,0.6666666666666666,0.14285714285714285,13,0.4666666666666667,Medium,0.6111111111111112,Medium,Adequate,Higher Stability
41,Research & Development,Healthcare Representative,0,Growth Stage,0,3,0.3333333333333333,0.6666666666666666,1.0,0.6666666666666666,0.18181818181818182,24,0.4666666666666667,Medium,0.6000000000000001,Medium,Adequate,Higher Stability
41,Sales,Sales Executive,0,Senior Career,2,0,0.5909090909090909,0.6363636363636364,0.13636363636363635,0.22727272727272727,0.13043478260869565,39,0.6090909090909091,High,0.6909090909090909,High,Needs Development,Lower Stability
30,Research & Development,Manufacturing Director,0,Mid Career,0,3,0.0,1.0,0.42857142857142855,0.2857142857142857,0.3333333333333333,42,0.4,Medium,0.6857142857142857,High,Needs Development,Lower Stability
26,Human Resources,Human Resources,1,Growth Stage,0,3,0.2,0.2,0.6,0.8,0.16666666666666666,11,0.2,Low,0.34,Low,Adequate,Higher Stability
46,Research & Development,Healthcare Representative,1,Mid Career,0,0,0.3333333333333333,0.7777777777777778,0.2222222222222222,0.7777777777777778,0.15384615384615385,44,0.5111111111111111,High,0.6814814814814815,High,Needs Development,Higher Stability
40,Research & Development,Healthcare Representative,0,Growth Stage,0,3,0.0,0.6,0.6,0.6,0.16666666666666666,34,0.24,Low,0.48,Low,Adequate,Lower Stability
34,Sales,Sales Executive,0,Mid Career,2,0,0.4,0.8,0.5,0.8,0.2,42,0.56,High,0.7033333333333334,High,Adequate,Higher Stability
58,Sales,Manager,0,Senior Career,2,0,0.875,0.5625,0.0,0.875,0.10810810810810811,88,0.75,High,0.7437499999999999,High,Needs Development,Higher Stability
35,Research & Development,Laboratory Technician,0,Growth Stage,0,3,0.0,0.8,0.4,0.6,0.16666666666666666,16,0.32000000000000006,Medium,0.5866666666666667,Medium,Needs Development,Lower Stability
47,Research & Development,Manufacturing Director,0,Senior Career,2,0,0.6363636363636364,0.5,0.18181818181818182,0.45454545454545453,0.10714285714285714,36,0.5818181818181818,High,0.6348484848484849,Medium,Needs Development,Lower Stability
40,Research & Development,Healthcare Representative,0,Mid Career,3,2,1.0,0.5714285714285714,0.42857142857142855,1.0,0.13333333333333333,24,0.8285714285714285,High,0.7714285714285714,High,Needs Development,Higher Stability
54,Research & Development,Research Scientist,0,Mid Career,0,3,0.14285714285714285,0.14285714285714285,0.2857142857142857,1.0,0.14285714285714285,30,0.14285714285714285,Low,0.30476190476190473,Low,Needs Development,Higher Stability
31,Sales,Sales Executive,0,Growth Stage,3,2,0.6666666666666666,0.6666666666666666,1.0,0.6666666666666666,0.3333333333333333,42,0.6666666666666666,High,0.7,High,Adequate,Higher Stability
28,Research & Development,Research Scientist,0,Growth Stage,0,3,0.3333333333333333,0.6666666666666666,1.0,0.6666666666666666,0.3333333333333333,25,0.4666666666666667,Medium,0.6000000000000001,Medium,Adequate,Higher Stability
38,Sales,Sales Representative,0,Growth Stage,0,3,0.0,0.5,1.0,0.75,0.1,40,0.2,Low,0.4166666666666667,Low,Adequate,Higher Stability
26,Sales,Sales Executive,0,Growth Stage,0,3,0.2,0.6,0.8,0.4,0.4,26,0.36,Medium,0.5333333333333333,Medium,Adequate,Lower Stability
58,Research & Development,Research Director,0,Early Career,3,2,1.0,1.0,1.5,1.0,0.17391304347826086,56,1.0,High,0.9500000000000001,High,Adequate,Higher Stability
18,Research & Development,Research Scientist,0,Early Career,1,1,0.0,0.0,4.0,0.0,1.0,16,0.0,Low,0.06666666666666668,Low,Adequate,Lower Stability
31,Human Resources,Human Resources,1,Early Career,1,1,0.0,0.0,4.0,0.0,0.5,17,0.0,Low,0.06666666666666668,Low,Adequate,Lower Stability
29,Human Resources,Human Resources,1,Early Career,3,2,1.0,1.0,1.5,0.0,0.25,15,1.0,High,0.9500000000000001,High,Adequate,Lower Stability
45,Sales,Sales Executive,0,Mid Career,3,2,0.625,0.875,0.375,0.875,0.2,44,0.7250000000000001,High,0.8125,High,Needs Development,Higher Stability
36,Research & Development,Research Scientist,0,Early Career,1,1,0.0,0.0,2.0,0.0,0.13333333333333333,44,0.0,Low,0.13333333333333336,Low,Adequate,Lower Stability
43,Sales,Sales Executive,0,Mid Career,3,2,1.0,1.0,0.7142857142857143,1.0,0.2857142857142857,40,1.0,High,0.9761904761904763,High,Adequate,Higher Stability
27,Research & Development,Laboratory Technician,0,Growth Stage,0,3,0.0,0.8,0.6,0.4,0.16666666666666666,14,0.32000000000000006,Medium,0.5800000000000001,Medium,Adequate,Lower Stability
29,Research & Development,Laboratory Technician,0,Mid Career,2,0,0.2727272727272727,0.7272727272727273,0.2727272727272727,0.9090909090909091,0.09090909090909091,13,0.4545454545454546,Medium,0.6363636363636364,Medium,Needs Development,Higher Stability
32,Sales,Sales Executive,0,Early Career,1,1,0.0,0.0,2.0,0.0,0.5,26,0.0,Low,0.13333333333333336,Low,Adequate,Lower Stability
42,Research & Development,Research Scientist,0,Growth Stage,0,3,0.5,0.5,0.16666666666666666,0.5,0.1,22,0.5,High,0.5944444444444444,Medium,Needs Development,Lower Stability
47,Research & Development,Laboratory Technician,0,Early Career,3,2,1.0,1.0,1.0,0.0,0.14285714285714285,12,1.0,High,0.9666666666666668,High,Adequate,Lower Stability
46,Research & Development,Manufacturing Director,0,Mid Career,2,0,0.4444444444444444,0.8888888888888888,0.4444444444444444,0.7777777777777778,0.25,42,0.6222222222222222,High,0.762962962962963,High,Needs Development,Higher Stability
28,Human Resources,Human Resources,0,Growth Stage,3,2,0.6666666666666666,0.6666666666666666,0.6666666666666666,0.6666666666666666,0.3333333333333333,15,0.6666666666666666,High,0.7111111111111111,High,Adequate,Higher Stability
29,Research & Development,Healthcare Representative,0,Mid Career,0,3,0.14285714285714285,0.0,0.42857142857142855,0.8571428571428571,0.18181818181818182,34,0.0857142857142857,Low,0.22857142857142856,Low,Needs Development,Higher Stability
42,Research & Development,Laboratory Technician,0,Early Career,1,1,0.0,0.0,3.0,0.0,0.125,13,0.0,Low,0.1,Low,Adequate,Lower Stability
32,Sales,Sales Executive,1,Early Career,3,2,1.0,1.0,1.5,1.0,0.2857142857142857,24,1.0,High,0.9500000000000001,High,Adequate,Higher Stability
46,Sales,Sales Executive,0,Senior Career,2,0,0.10526315789473684,0.8947368421052632,0.2631578947368421,0.42105263157894735,0.16,48,0.42105263157894735,Medium,0.6701754385964912,High,Needs Development,Lower Stability
27,Sales,Sales Representative,0,Mid Career,2,0,0.5555555555555556,0.8888888888888888,0.5555555555555556,0.8888888888888888,0.2222222222222222,42,0.6888888888888889,High,0.7925925925925926,High,Adequate,Higher Stability
29,Human Resources,Human Resources,0,Early Career,1,1,0.0,0.0,3.0,0.0,1.0,11,0.0,Low,0.1,Low,Adequate,Lower Stability
43,Research & Development,Manager,0,Senior Career,2,0,0.375,0.75,0.125,0.875,0.23809523809523808,65,0.525,High,0.6833333333333333,High,Needs Development,Higher Stability
48,Research & Development,Research Director,0,Senior Career,2,0,0.5454545454545454,0.45454545454545453,0.13636363636363635,0.4090909090909091,0.1724137931034483,60,0.509090909090909,High,0.5863636363636363,Medium,Needs Development,Lower Stability
29,Research & Development,Research Scientist,1,Early Career,1,1,1.0,0.0,3.0,0.0,1.0,24,0.6,High,0.4,Low,Adequate,Lower Stability
46,Sales,Sales Executive,1,Mid Career,0,0,0.0,0.875,0.25,0.875,0.21428571428571427,63,0.35000000000000003,Medium,0.6291666666666667,Medium,Needs Development,Higher Stability
27,Research & Development,Research Scientist,0,Mid Career,3,3,1.0,0.8571428571428571,0.2857142857142857,0.42857142857142855,0.125,19,0.9428571428571428,High,0.919047619047619,High,Needs Development,Lower Stability
39,Research & Development,Research Scientist,0,Early Career,3,2,1.0,1.0,1.0,1.0,0.2857142857142857,28,1.0,High,0.9666666666666668,High,Adequate,Higher Stability
55,Research & Development,Research Scientist,0,Growth Stage,0,3,0.0,0.4,0.4,0.8,0.05263157894736842,20,0.16000000000000003,Low,0.3866666666666667,Low,Needs Development,Higher Stability
28,Sales,Sales Representative,0,Early Career,1,1,0.0,0.0,3.0,0.0,1.0,19,0.0,Low,0.1,Low,Adequate,Lower Stability
30,Sales,Sales Representative,1,Early Career,1,1,0.0,0.0,3.0,0.0,1.0,13,0.0,Low,0.1,Low,Adequate,Lower Stability
22,Research & Development,Research Scientist,1,Early Career,1,1,0.0,0.0,2.0,0.0,1.0,23,0.0,Low,0.13333333333333336,Low,Adequate,Lower Stability
36,Sales,Sales Executive,0,Mid Career,0,0,0.1,0.9,0.4,0.7,0.2,26,0.42000000000000004,Medium,0.6666666666666667,High,Needs Development,Higher Stability
31,Research & Development,Laboratory Technician,0,Mid Career,0,3,0.0,0.8,0.2,0.2,0.2,22,0.32000000000000006,Medium,0.5933333333333334,Medium,Needs Development,Lower Stability
34,Sales,Sales Executive,0,Growth Stage,0,3,0.2,0.6,0.6,0.0,0.3333333333333333,39,0.36,Medium,0.54,Medium,Adequate,Lower Stability
29,Research & Development,Laboratory Technician,0,Growth Stage,0,3,0.3333333333333333,0.6666666666666666,0.6666666666666666,0.6666666666666666,0.09090909090909091,14,0.4666666666666667,Medium,0.6111111111111112,Medium,Adequate,Higher Stability
37,Research & Development,Research Scientist,0,Growth Stage,0,3,0.0,0.6,0.4,0.8,0.125,44,0.24,Low,0.4866666666666667,Low,Needs Development,Higher Stability
35,Research & Development,Manufacturing Director,0,Growth Stage,0,3,0.0,0.6666666666666666,0.6666666666666666,0.6666666666666666,0.5,22,0.26666666666666666,Low,0.5111111111111111,Medium,Adequate,Higher Stability
45,Research & Development,Manufacturing Director,0,Mid Career,2,0,0.3333333333333333,0.8888888888888888,0.2222222222222222,0.8888888888888888,0.2,26,0.5555555555555556,High,0.7370370370370372,High,Needs Development,Higher Stability
36,Human Resources,Human Resources,0,Mid Career,0,3,0.0,0.1,0.2,0.8,0.2,42,0.04000000000000001,Low,0.24333333333333335,Low,Needs Development,Higher Stability
40,Research & Development,Manager,0,Senior Career,2,0,0.5789473684210527,0.3684210526315789,0.15789473684210525,0.8421052631578947,0.18181818181818182,44,0.49473684210526314,High,0.5526315789473685,Medium,Needs Development,Higher Stability
26,Research & Development,Research Scientist,0,Early Career,1,1,1.0,0.0,3.0,0.0,1.0,13,0.6,High,0.4,Low,Adequate,Lower Stability
27,Sales,Sales Executive,0,Mid Career,0,0,0.0,0.875,0.625,0.875,0.2222222222222222,28,0.35000000000000003,Medium,0.6166666666666667,Medium,Adequate,Higher Stability
48,Research & Development,Manager,0,Senior Career,2,0,0.18181818181818182,0.7727272727272727,0.13636363636363635,0.3181818181818182,0.16666666666666666,44,0.41818181818181815,Medium,0.6363636363636364,Medium,Needs Development,Lower Stability
44,Research & Development,Healthcare Representative,0,Early Career,3,2,1.0,0.0,2.5,1.0,0.2,30,0.6,High,0.4166666666666667,Low,Adequate,Higher Stability
34,Research & Development,Research Scientist,1,Growth Stage,0,3,0.6,0.4,0.4,0.0,0.2,23,0.52,High,0.5666666666666667,Medium,Needs Development,Lower Stability
56,Research & Development,Laboratory Technician,1,Growth Stage,0,3,0.25,0.5,0.75,0.0,0.2,16,0.35,Medium,0.5,Medium,Adequate,Lower Stability
36,Sales,Sales Executive,0,Growth Stage,0,3,0.25,0.5,0.25,0.75,0.16666666666666666,32,0.35,Medium,0.5166666666666666,Medium,Needs Development,Higher Stability
41,Sales,Sales Executive,0,Growth Stage,0,3,0.2,0.8,0.6,0.8,0.14285714285714285,42,0.44000000000000006,Medium,0.64,Medium,Adequate,Higher Stability
42,Research & Development,Research Director,0,Mid Career,2,0,0.38461538461538464,0.5384615384615384,0.23076923076923078,0.5384615384615384,0.16666666666666666,39,0.4461538461538462,Medium,0.5769230769230769,Medium,Needs Development,Lower Stability
31,Sales,Sales Executive,0,Growth Stage,0,3,0.2,0.4,0.4,0.8,0.25,22,0.28,Medium,0.44666666666666666,Low,Needs Development,Higher Stability
34,Sales,Sales Executive,0,Growth Stage,0,3,0.0,0.5,0.75,0.25,0.2222222222222222,24,0.2,Low,0.42500000000000004,Low,Adequate,Lower Stability
31,Research & Development,Laboratory Technician,0,Early Career,3,2,1.0,1.0,0.0,1.0,0.25,12,1.0,High,1.0,High,Needs Development,Higher Stability
26,Research & Development,Laboratory Technician,0,Mid Career,3,2,1.0,1.0,0.42857142857142855,1.0,0.125,18,1.0,High,0.9857142857142858,High,Needs Development,Higher Stability
45,Research & Development,Healthcare Representative,0,Growth Stage,0,3,0.0,0.5,0.75,0.75,0.16666666666666666,24,0.2,Low,0.42500000000000004,Low,Adequate,Higher Stability
33,Sales,Sales Executive,0,Mid Career,0,3,0.0,0.4,0.2,0.9,0.2,28,0.16000000000000003,Low,0.39333333333333337,Low,Needs Development,Higher Stability
28,Sales,Sales Executive,0,Mid Career,0,0,0.0,1.0,0.2857142857142857,1.0,0.2857142857142857,24,0.4,Medium,0.6904761904761905,High,Needs Development,Higher Stability
29,Sales,Sales Representative,1,Early Career,1,1,0.0,0.0,3.0,0.0,1.0,17,0.0,Low,0.1,Low,Adequate,Lower Stability
39,Sales,Sales Executive,0,Growth Stage,0,3,0.3333333333333333,0.6666666666666666,0.3333333333333333,0.6666666666666666,0.2,38,0.4666666666666667,Medium,0.6222222222222222,Medium,Needs Development,Higher Stability
27,Research & Development,Research Scientist,0,Growth Stage,0,3,0.2,0.6,0.6,0.4,0.16666666666666666,11,0.36,Medium,0.54,Medium,Adequate,Lower Stability
34,Research & Development,Research Scientist,0,Senior Career,2,0,0.4,0.6666666666666666,0.2,0.7333333333333333,0.125,30,0.5066666666666666,High,0.6466666666666666,High,Needs Development,Higher Stability
28,Sales,Sales Executive,1,Early Career,3,2,1.0,0.0,0.0,1.0,0.3333333333333333,22,0.6,High,0.5,Medium,Needs Development,Higher Stability
47,Research & Development,Research Scientist,0,Mid Career,0,0,0.125,0.875,0.5,0.875,0.125,36,0.42500000000000004,Medium,0.6583333333333334,High,Adequate,Higher Stability
56,Sales,Sales Executive,0,Early Career,1,1,0.0,0.0,3.0,0.0,0.3333333333333333,32,0.0,Low,0.1,Low,Adequate,Lower Stability
39,Research & Development,Manufacturing Director,0,Mid Career,3,2,0.7,0.0,0.3,0.9,0.2,50,0.42,Medium,0.4,Low,Needs Development,Higher Stability
38,Research & Development,Research Scientist,0,Senior Career,2,0,0.0,0.55,0.15,0.35,0.1,32,0.22000000000000003,Low,0.47000000000000003,Low,Needs Development,Lower Stability
58,Sales,Manager,0,Early Career,1,1,0.0,0.0,2.0,0.0,0.13793103448275862,52,0.0,Low,0.13333333333333336,Low,Adequate,Lower Stability
32,Research & Development,Research Scientist,1,Growth Stage,0,3,0.0,0.25,0.5,0.75,0.125,14,0.1,Low,0.30833333333333335,Low,Adequate,Higher Stability
38,Research & Development,Research Scientist,0,Growth Stage,0,3,0.0,0.4,0.0,0.6,0.1,19,0.16000000000000003,Low,0.4,Low,Needs Development,Lower Stability
49,Research & Development,Research Director,0,Growth Stage,3,2,0.8,0.8,0.6,0.6,0.17857142857142858,75,0.8,High,0.8200000000000001,High,Adequate,Lower Stability
42,Sales,Sales Executive,0,Early Career,1,1,0.0,0.0,4.0,0.0,0.14285714285714285,24,0.0,Low,0.06666666666666668,Low,Adequate,Lower Stability
27,Human Resources,Human Resources,1,Early Career,1,1,0.0,0.0,2.0,0.0,1.0,12,0.0,Low,0.13333333333333336,Low,Adequate,Lower Stability
35,Sales,Sales Executive,0,Growth Stage,0,3,0.0,0.6,0.4,0.8,0.3333333333333333,32,0.24,Low,0.4866666666666667,Low,Needs Development,Higher Stability
28,Research & Development,Research Scientist,0,Growth Stage,0,3,0.2,0.6,0.6,0.8,0.2,14,0.36,Medium,0.54,Medium,Adequate,Higher Stability
31,Research & Development,Research Scientist,0,Growth Stage,0,2,0.5,0.5,0.75,0.75,0.25,13,0.5,High,0.5750000000000001,Medium,Adequate,Higher Stability
36,Research & Development,Laboratory Technician,0,Growth Stage,0,3,0.0,0.8,0.6,0.4,0.2,22,0.32000000000000006,Medium,0.5800000000000001,Medium,Adequate,Lower Stability
34,Sales,Sales Executive,0,Mid Career,0,3,0.14285714285714285,0.5714285714285714,0.21428571428571427,0.07142857142857142,0.21428571428571427,63,0.3142857142857143,Medium,0.5214285714285714,Medium,Needs Development,Lower Stability
34,Sales,Sales Executive,0,Mid Career,0,3,0.125,0.875,0.25,0.125,0.3333333333333333,54,0.42500000000000004,Medium,0.6666666666666667,High,Needs Development,Lower Stability
26,Research & Development,Laboratory Technician,0,Mid Career,3,2,1.0,1.0,0.8571428571428571,0.8571428571428571,0.125,13,1.0,High,0.9714285714285715,High,Adequate,Higher Stability
29,Research & Development,Healthcare Representative,0,Growth Stage,0,3,0.0,0.6,1.0,0.4,0.3333333333333333,24,0.24,Low,0.4666666666666667,Low,Adequate,Lower Stability
32,Research & Development,Healthcare Representative,0,Growth Stage,0,3,0.2,0.2,1.2,0.4,0.2222222222222222,36,0.2,Low,0.32000000000000006,Low,Adequate,Lower Stability
31,Research & Development,Research Scientist,0,Mid Career,2,2,0.8,0.8,0.6,0.7,0.2,42,0.8,High,0.8200000000000001,High,Adequate,Higher Stability
28,Research & Development,Laboratory Technician,1,Growth Stage,0,3,0.0,0.25,0.5,0.75,0.16666666666666666,12,0.1,Low,0.30833333333333335,Low,Adequate,Higher Stability
38,Sales,Sales Representative,0,Early Career,1,1,0.0,0.0,3.0,0.0,0.05,14,0.0,Low,0.1,Low,Adequate,Lower Stability
35,Sales,Sales Executive,0,Mid Career,0,0,0.0,0.8,0.2,0.9,0.2,22,0.32000000000000006,Medium,0.5933333333333334,Medium,Needs Development,Higher Stability
27,Sales,Sales Executive,0,Mid Career,0,0,0.0,1.0,0.7142857142857143,1.0,0.2857142857142857,28,0.4,Medium,0.6761904761904762,High,Adequate,Higher Stability
32,Research & Development,Manufacturing Director,0,Early Career,1,1,0.0,0.0,1.0,0.0,0.25,48,0.0,Low,0.16666666666666669,Low,Adequate,Lower Stability
31,Sales,Sales Executive,1,Mid Career,0,0,0.0,0.7,0.4,0.8,0.2,22,0.27999999999999997,Low,0.5366666666666666,Medium,Needs Development,Higher Stability
53,Sales,Sales Executive,1,Early Career,3,2,1.0,1.0,1.0,1.0,0.2,39,1.0,High,0.9666666666666668,High,Adequate,Higher Stability
54,Research & Development,Research Scientist,0,Growth Stage,3,3,0.5,0.75,1.5,0.75,0.2222222222222222,22,0.6000000000000001,High,0.675,High,Adequate,Higher Stability
33,Research & Development,Healthcare Representative,0,Mid Career,0,0,0.2222222222222222,0.7777777777777778,0.2222222222222222,0.8888888888888888,0.2222222222222222,40,0.4444444444444444,Medium,0.6481481481481481,High,Needs Development,Higher Stability
43,Research & Development,Healthcare Representative,0,Mid Career,0,0,0.0,0.9,0.1,0.9,0.3,51,0.36000000000000004,Medium,0.6466666666666667,High,Needs Development,Higher Stability
38,Human Resources,Human Resources,0,Growth Stage,0,3,0.16666666666666666,0.3333333333333333,0.3333333333333333,0.3333333333333333,0.14285714285714285,11,0.23333333333333334,Low,0.40555555555555556,Low,Needs Development,Lower Stability
55,Human Resources,Manager,0,Mid Career,0,0,0.1,0.9,0.0,0.4,0.14285714285714285,90,0.42000000000000004,Medium,0.68,High,Needs Development,Lower Stability
31,Research & Development,Laboratory Technician,0,Early Career,1,1,0.0,0.0,4.0,0.0,1.0,11,0.0,Low,0.06666666666666668,Low,Adequate,Lower Stability
39,Sales,Sales Executive,0,Senior Career,2,0,0.55,0.4,0.15,0.5,0.19047619047619047,48,0.49000000000000005,High,0.56,Medium,Needs Development,Lower Stability
42,Research & Development,Research Scientist,0,Senior Career,2,0,0.15,0.45,0.1,0.35,0.1,24,0.27,Low,0.4666666666666667,Low,Needs Development,Lower Stability
31,Research & Development,Research Director,0,Mid Career,2,0,0.36363636363636365,0.6363636363636364,0.18181818181818182,0.7272727272727273,0.23076923076923078,60,0.4727272727272728,High,0.6212121212121212,Medium,Needs Development,Higher Stability
54,Research & Development,Manufacturing Director,0,Growth Stage,0,3,0.2,0.4,0.6,0.8,0.2222222222222222,38,0.28,Medium,0.44000000000000006,Low,Adequate,Higher Stability
24,Research & Development,Healthcare Representative,0,Growth Stage,0,3,0.25,0.75,0.5,0.5,0.5,24,0.45000000000000007,Medium,0.6333333333333333,Medium,Adequate,Lower Stability
23,Research & Development,Laboratory Technician,0,Growth Stage,0,3,0.2,0.4,1.2,0.8,0.2,13,0.28,Medium,0.42000000000000004,Low,Adequate,Higher Stability
40,Research & Development,Laboratory Technician,0,Mid Career,2,2,0.9,0.9,0.2,0.4,0.2,22,0.9000000000000001,High,0.9133333333333334,High,Needs Development,Lower Stability
40,Sales,Sales Executive,0,Mid Career,2,0,0.45454545454545453,0.7272727272727273,0.36363636363636365,0.9090909090909091,0.13333333333333333,28,0.5636363636363637,High,0.6878787878787879,High,Needs Development,Higher Stability
25,Human Resources,Human Resources,0,Early Career,0,3,0.5,0.0,1.5,1.0,0.16666666666666666,14,0.3,Medium,0.30000000000000004,Low,Adequate,Higher Stability
30,Research & Development,Laboratory Technician,0,Mid Career,0,0,0.08333333333333333,0.6666666666666666,0.5,0.5833333333333334,0.08333333333333333,13,0.31666666666666665,Medium,0.5416666666666666,Medium,Adequate,Lower Stability
25,Research & Development,Laboratory Technician,0,Early Career,0,3,0.0,1.0,1.0,1.0,0.14285714285714285,19,0.4,Medium,0.6666666666666667,High,Adequate,Higher Stability
47,Research & Development,Healthcare Representative,0,Senior Career,2,0,0.7058823529411765,0.8235294117647058,0.17647058823529413,0.6470588235294118,0.12,69,0.7529411764705882,High,0.8176470588235294,High,Needs Development,Lower Stability
33,Research & Development,Laboratory Technician,0,Early Career,1,1,0.0,1.0,2.0,0.0,1.0,12,0.4,Medium,0.6333333333333333,Medium,Adequate,Lower Stability
38,Sales,Sales Executive,0,Senior Career,2,0,0.3333333333333333,0.8666666666666667,0.2,0.5333333333333333,0.125,30,0.5466666666666666,High,0.7266666666666667,High,Needs Development,Lower Stability
31,Sales,Sales Representative,0,Early Career,3,3,0.5,1.0,0.5,1.0,0.3333333333333333,19,0.7,High,0.8333333333333333,High,Adequate,Higher Stability
38,Research & Development,Manufacturing Director,0,Mid Career,3,2,0.875,0.375,0.125,0.875,0.2,22,0.675,High,0.6458333333333334,High,Needs Development,Higher Stability
42,Research & Development,Research Scientist,0,Growth Stage,0,3,0.25,0.75,0.75,0.5,0.2222222222222222,34,0.45000000000000007,Medium,0.625,Medium,Adequate,Lower Stability
41,Research & Development,Research Scientist,0,Growth Stage,0,3,0.2,0.6,0.6,0.0,0.08333333333333333,22,0.36,Medium,0.54,Medium,Adequate,Lower Stability
47,Research & Development,Research Director,0,Mid Career,2,0,0.38461538461538464,0.6153846153846154,0.23076923076923078,0.9230769230769231,0.21428571428571427,54,0.47692307692307695,High,0.6153846153846154,Medium,Needs Development,Higher Stability
35,Research & Development,Laboratory Technician,0,Early Career,3,2,1.0,1.0,1.5,1.0,0.2,11,1.0,High,0.9500000000000001,High,Adequate,Higher Stability
22,Research & Development,Research Scientist,0,Growth Stage,0,3,0.3333333333333333,0.6666666666666666,0.6666666666666666,0.6666666666666666,0.25,12,0.4666666666666667,Medium,0.6111111111111112,Medium,Adequate,Higher Stability
35,Research & Development,Research Scientist,0,Mid Career,0,0,0.0,0.7,0.5,0.8,0.2,38,0.27999999999999997,Low,0.5333333333333333,Medium,Adequate,Higher Stability
33,Research & Development,Healthcare Representative,0,Mid Career,3,3,0.8888888888888888,0.7777777777777778,0.6666666666666666,0.1111111111111111,0.2,26,0.8444444444444444,High,0.8333333333333334,High,Adequate,Lower Stability
32,Research & Development,Laboratory Technician,0,Growth Stage,3,3,0.6666666666666666,0.3333333333333333,0.5,0.16666666666666666,0.16666666666666666,13,0.5333333333333333,High,0.55,Medium,Adequate,Lower Stability
40,Research & Development,Laboratory Technician,0,Early Career,1,1,0.0,0.0,3.0,0.0,0.125,19,0.0,Low,0.1,Low,Adequate,Lower Stability
32,Sales,Sales Representative,0,Early Career,3,2,1.0,1.0,1.0,1.0,0.3333333333333333,14,1.0,High,0.9666666666666668,High,Adequate,Higher Stability
39,Research & Development,Research Scientist,0,Mid Career,0,0,0.14285714285714285,1.0,0.2857142857142857,1.0,0.1111111111111111,26,0.4857142857142857,High,0.7333333333333333,High,Needs Development,Higher Stability
38,Research & Development,Research Director,0,Senior Career,2,0,0.05555555555555555,0.8888888888888888,0.16666666666666666,0.6111111111111112,0.15,36,0.3888888888888889,Medium,0.6555555555555556,High,Needs Development,Lower Stability
32,Sales,Sales Executive,0,Mid Career,2,0,0.35714285714285715,0.7142857142857143,0.21428571428571427,0.5,0.21428571428571427,57,0.5,High,0.6571428571428571,High,Needs Development,Lower Stability
37,Research & Development,Research Director,0,Senior Career,2,0,0.375,0.6875,0.125,0.5,0.1875,75,0.5,High,0.6520833333333333,High,Needs Development,Lower Stability
25,Sales,Sales Executive,0,Growth Stage,0,3,0.0,0.6,0.6,0.8,0.3333333333333333,44,0.24,Low,0.48,Low,Adequate,Higher Stability
52,Sales,Sales Representative,0,Mid Career,0,3,0.0,0.8888888888888888,0.3333333333333333,0.0,0.0625,15,0.35555555555555557,Medium,0.6333333333333333,Medium,Needs Development,Lower Stability
44,Research & Development,Research Scientist,0,Growth Stage,0,3,0.25,0.75,0.5,0.5,0.16666666666666666,12,0.45000000000000007,Medium,0.6333333333333333,Medium,Adequate,Lower Stability
21,Sales,Sales Representative,0,Early Career,3,2,0.5,1.0,3.0,1.0,0.5,11,0.7,High,0.7499999999999999,High,Adequate,Higher Stability
39,Research & Development,Manager,0,Growth Stage,0,3,0.16666666666666666,0.0,0.5,0.5,0.23809523809523808,65,0.09999999999999999,Low,0.23333333333333334,Low,Adequate,Lower Stability
23,Sales,Sales Representative,1,Early Career,1,1,1.0,0.0,3.0,0.0,1.0,19,0.6,High,0.4,Low,Adequate,Lower Stability
36,Sales,Sales Executive,0,Mid Career,0,3,0.3333333333333333,0.7777777777777778,0.2222222222222222,0.4444444444444444,0.3,57,0.5111111111111111,High,0.6814814814814815,High,Needs Development,Lower Stability
36,Research & Development,Manufacturing Director,0,Growth Stage,0,3,0.0,0.5,0.75,0.5,0.1111111111111111,26,0.2,Low,0.42500000000000004,Low,Adequate,Lower Stability
56,Research & Development,Healthcare Representative,0,Mid Career,2,0,0.07692307692307693,0.9230769230769231,0.15384615384615385,0.6923076923076923,0.15384615384615385,42,0.4153846153846154,Medium,0.6794871794871795,High,Needs Development,Higher Stability
29,Research & Development,Research Scientist,1,Early Career,3,2,1.0,1.0,1.5,1.0,0.25,14,1.0,High,0.9500000000000001,High,Adequate,Higher Stability
42,Research & Development,Manager,0,Senior Career,2,0,0.18181818181818182,0.2727272727272727,0.09090909090909091,0.6363636363636364,0.20833333333333334,55,0.21818181818181817,Low,0.3878787878787879,Low,Needs Development,Lower Stability
56,Research & Development,Laboratory Technician,1,Mid Career,2,2,0.9,0.9,0.4,0.8,0.07142857142857142,11,0.9000000000000001,High,0.9066666666666667,High,Needs Development,Higher Stability
41,Research & Development,Manufacturing Director,0,Senior Career,2,0,0.0,0.35,0.15,0.5,0.19047619047619047,92,0.13999999999999999,Low,0.37,Low,Needs Development,Lower Stability
34,Sales,Sales Executive,0,Mid Career,0,0,0.125,0.875,0.25,0.875,0.25,42,0.42500000000000004,Medium,0.6666666666666667,High,Needs Development,Higher Stability
36,Sales,Sales Executive,0,Senior Career,2,0,0.7333333333333333,0.8,0.26666666666666666,0.7333333333333333,0.13333333333333333,48,0.76,High,0.8111111111111111,High,Needs Development,Higher Stability
41,Sales,Sales Executive,0,Growth Stage,0,3,0.0,0.8,1.0,0.8,0.14285714285714285,22,0.32000000000000006,Medium,0.5666666666666667,Medium,Adequate,Higher Stability
32,Research & Development,Research Scientist,0,Growth Stage,0,3,0.25,0.5,1.0,0.5,0.25,14,0.35,Medium,0.49166666666666664,Medium,Adequate,Lower Stability
35,Human Resources,Human Resources,0,Mid Career,0,3,0.1111111111111111,0.0,0.2222222222222222,0.7777777777777778,0.3333333333333333,48,0.06666666666666667,Low,0.22592592592592595,Low,Needs Development,Higher Stability
38,Sales,Sales Executive,0,Mid Career,0,0,0.1,0.7,0.1,0.9,0.2,22,0.33999999999999997,Medium,0.5766666666666667,Medium,Needs Development,Higher Stability
50,Sales,Sales Executive,1,Growth Stage,0,3,0.0,0.5,0.5,0.16666666666666666,0.16666666666666666,24,0.2,Low,0.43333333333333335,Low,Adequate,Lower Stability
36,Sales,Sales Executive,0,Growth Stage,0,3,0.0,0.5,0.3333333333333333,0.0,0.25,26,0.2,Low,0.4388888888888889,Low,Needs Development,Lower Stability
45,Sales,Sales Executive,0,Growth Stage,0,3,0.0,0.6,0.6,0.2,0.25,30,0.24,Low,0.48,Low,Adequate,Lower Stability
40,Research & Development,Research Scientist,0,Early Career,3,2,1.0,1.0,1.0,1.0,0.125,14,1.0,High,0.9666666666666668,High,Adequate,Higher Stability
35,Research & Development,Healthcare Representative,0,Mid Career,0,3,0.0,0.2,0.2,0.2,0.2,28,0.08000000000000002,Low,0.29333333333333333,Low,Needs Development,Lower Stability
40,Research & Development,Research Scientist,0,Growth Stage,0,3,0.0,0.6,0.4,0.4,0.05,14,0.24,Low,0.4866666666666667,Low,Needs Development,Lower Stability
35,Research & Development,Research Scientist,0,Growth Stage,0,3,0.25,0.75,1.25,0.25,0.25,12,0.45000000000000007,Medium,0.6083333333333334,Medium,Adequate,Lower Stability
29,Research & Development,Laboratory Technician,0,Growth Stage,0,3,0.0,0.75,0.5,0.75,0.2,26,0.30000000000000004,Medium,0.5583333333333333,Medium,Adequate,Higher Stability
29,Research & Development,Research Scientist,0,Growth Stage,0,3,0.0,0.8,0.6,0.8,0.2,14,0.32000000000000006,Medium,0.5800000000000001,Medium,Adequate,Higher Stability
50,Sales,Sales Executive,1,Growth Stage,3,3,0.6666666666666666,0.6666666666666666,1.0,0.0,0.15,39,0.6666666666666666,High,0.7,High,Adequate,Lower Stability
39,Sales,Sales Executive,0,Senior Career,2,0,0.45,0.45,0.1,0.3,0.19047619047619047,44,0.45000000000000007,Medium,0.5566666666666666,Medium,Needs Development,Lower Stability
31,Research & Development,Manufacturing Director,0,Mid Career,0,3,0.1111111111111111,0.4444444444444444,0.2222222222222222,0.7777777777777778,0.2,38,0.24444444444444446,Low,0.4481481481481482,Low,Needs Development,Higher Stability
26,Sales,Sales Representative,0,Growth Stage,0,3,0.0,0.5,0.5,0.0,0.2,18,0.2,Low,0.43333333333333335,Low,Adequate,Lower Stability
36,Research & Development,Laboratory Technician,0,Growth Stage,0,3,0.0,0.4,0.6,0.6,0.11764705882352941,34,0.16000000000000003,Low,0.38,Low,Adequate,Lower Stability
39,Research & Development,Healthcare Representative,0,Mid Career,0,0,0.14285714285714285,1.0,0.7142857142857143,1.0,0.3333333333333333,45,0.4857142857142857,High,0.719047619047619,High,Adequate,Higher Stability
27,Research & Development,Manufacturing Director,0,Growth Stage,0,3,0.0,0.3333333333333333,0.0,0.5,0.3333333333333333,40,0.13333333333333333,Low,0.3666666666666667,Low,Needs Development,Lower Stability
49,Sales,Sales Executive,0,Mid Career,0,0,0.0,0.6666666666666666,0.3333333333333333,0.8888888888888888,0.11764705882352941,28,0.26666666666666666,Low,0.5222222222222221,Medium,Needs Development,Higher Stability
34,Research & Development,Laboratory Technician,0,Growth Stage,0,3,0.25,0.75,0.75,0.5,0.3333333333333333,24,0.45000000000000007,Medium,0.625,Medium,Adequate,Lower Stability
